Question,Answer
What is AI?,Artificial Intelligence is the simulation of human intelligence in machines.
What is Machine Learning?,Machine Learning is a subset of AI that learns patterns from data.
What is Deep Learning?,Deep Learning uses multi-layer neural networks.
What is NLP?,Natural Language Processing enables computers to understand human language.
What is Computer Vision?,Computer Vision enables computers to analyze images and videos.
What is Python?,Python is a versatile programming language.
What is a variable in Python?,A variable stores data.
What is a function?,A function is a reusable block of code.
What is a list?,A list is an ordered mutable collection.
What is a dictionary?,A dictionary stores key-value pairs.
What is C?,C is a procedural programming language.
What is a pointer?,A pointer stores the memory address of another variable.
What is an array?,An array stores multiple values of the same type.
What is a structure?,A structure groups different data types together.
What is a loop?,A loop repeats a block of code.
What is HTML?,HTML structures web pages.
What is CSS?,CSS styles web pages.
What is JavaScript?,JavaScript adds interactivity to web pages.
What is Streamlit?,Streamlit builds web apps using Python.
What is Git?,Git is a version control system.
What is AI? (Artificial Intelligence Practice 1),Artificial Intelligence is the simulation of human intelligence in machines.
What is Machine Learning? (Artificial Intelligence Practice 1),Machine Learning is a subset of AI that learns patterns from data.
What is Deep Learning? (Artificial Intelligence Practice 1),Deep Learning uses multi-layer neural networks.
What is NLP? (Artificial Intelligence Practice 1),Natural Language Processing enables computers to understand human language.
What is Computer Vision? (Artificial Intelligence Practice 1),Computer Vision enables computers to analyze images and videos.
What is AI? (Artificial Intelligence Practice 2),Artificial Intelligence is the simulation of human intelligence in machines.
What is Machine Learning? (Artificial Intelligence Practice 2),Machine Learning is a subset of AI that learns patterns from data.
What is Deep Learning? (Artificial Intelligence Practice 2),Deep Learning uses multi-layer neural networks.
What is NLP? (Artificial Intelligence Practice 2),Natural Language Processing enables computers to understand human language.
What is Computer Vision? (Artificial Intelligence Practice 2),Computer Vision enables computers to analyze images and videos.
What is AI? (Artificial Intelligence Practice 3),Artificial Intelligence is the simulation of human intelligence in machines.
What is Machine Learning? (Artificial Intelligence Practice 3),Machine Learning is a subset of AI that learns patterns from data.
What is Deep Learning? (Artificial Intelligence Practice 3),Deep Learning uses multi-layer neural networks.
What is NLP? (Artificial Intelligence Practice 3),Natural Language Processing enables computers to understand human language.
What is Computer Vision? (Artificial Intelligence Practice 3),Computer Vision enables computers to analyze images and videos.
What is AI? (Artificial Intelligence Practice 4),Artificial Intelligence is the simulation of human intelligence in machines.
What is Machine Learning? (Artificial Intelligence Practice 4),Machine Learning is a subset of AI that learns patterns from data.
What is Deep Learning? (Artificial Intelligence Practice 4),Deep Learning uses multi-layer neural networks.
What is NLP? (Artificial Intelligence Practice 4),Natural Language Processing enables computers to understand human language.
What is Computer Vision? (Artificial Intelligence Practice 4),Computer Vision enables computers to analyze images and videos.
What is AI? (Artificial Intelligence Practice 5),Artificial Intelligence is the simulation of human intelligence in machines.
What is Machine Learning? (Artificial Intelligence Practice 5),Machine Learning is a subset of AI that learns patterns from data.
What is Deep Learning? (Artificial Intelligence Practice 5),Deep Learning uses multi-layer neural networks.
What is NLP? (Artificial Intelligence Practice 5),Natural Language Processing enables computers to understand human language.
What is Computer Vision? (Artificial Intelligence Practice 5),Computer Vision enables computers to analyze images and videos.
What is AI? (Artificial Intelligence Practice 6),Artificial Intelligence is the simulation of human intelligence in machines.
What is Machine Learning? (Artificial Intelligence Practice 6),Machine Learning is a subset of AI that learns patterns from data.
What is Deep Learning? (Artificial Intelligence Practice 6),Deep Learning uses multi-layer neural networks.
What is NLP? (Artificial Intelligence Practice 6),Natural Language Processing enables computers to understand human language.
What is Computer Vision? (Artificial Intelligence Practice 6),Computer Vision enables computers to analyze images and videos.
What is AI? (Artificial Intelligence Practice 7),Artificial Intelligence is the simulation of human intelligence in machines.
What is Machine Learning? (Artificial Intelligence Practice 7),Machine Learning is a subset of AI that learns patterns from data.
What is Deep Learning? (Artificial Intelligence Practice 7),Deep Learning uses multi-layer neural networks.
What is NLP? (Artificial Intelligence Practice 7),Natural Language Processing enables computers to understand human language.
What is Computer Vision? (Artificial Intelligence Practice 7),Computer Vision enables computers to analyze images and videos.
What is AI? (Artificial Intelligence Practice 8),Artificial Intelligence is the simulation of human intelligence in machines.
What is Machine Learning? (Artificial Intelligence Practice 8),Machine Learning is a subset of AI that learns patterns from data.
What is Deep Learning? (Artificial Intelligence Practice 8),Deep Learning uses multi-layer neural networks.
What is NLP? (Artificial Intelligence Practice 8),Natural Language Processing enables computers to understand human language.
What is Computer Vision? (Artificial Intelligence Practice 8),Computer Vision enables computers to analyze images and videos.
What is AI? (Artificial Intelligence Practice 9),Artificial Intelligence is the simulation of human intelligence in machines.
What is Machine Learning? (Artificial Intelligence Practice 9),Machine Learning is a subset of AI that learns patterns from data.
What is Deep Learning? (Artificial Intelligence Practice 9),Deep Learning uses multi-layer neural networks.
What is NLP? (Artificial Intelligence Practice 9),Natural Language Processing enables computers to understand human language.
What is Computer Vision? (Artificial Intelligence Practice 9),Computer Vision enables computers to analyze images and videos.
What is AI? (Artificial Intelligence Practice 10),Artificial Intelligence is the simulation of human intelligence in machines.
What is Machine Learning? (Artificial Intelligence Practice 10),Machine Learning is a subset of AI that learns patterns from data.
What is Deep Learning? (Artificial Intelligence Practice 10),Deep Learning uses multi-layer neural networks.
What is NLP? (Artificial Intelligence Practice 10),Natural Language Processing enables computers to understand human language.
What is Computer Vision? (Artificial Intelligence Practice 10),Computer Vision enables computers to analyze images and videos.
What is AI? (Artificial Intelligence Practice 11),Artificial Intelligence is the simulation of human intelligence in machines.
What is Machine Learning? (Artificial Intelligence Practice 11),Machine Learning is a subset of AI that learns patterns from data.
What is Deep Learning? (Artificial Intelligence Practice 11),Deep Learning uses multi-layer neural networks.
What is NLP? (Artificial Intelligence Practice 11),Natural Language Processing enables computers to understand human language.
What is Computer Vision? (Artificial Intelligence Practice 11),Computer Vision enables computers to analyze images and videos.
What is AI? (Artificial Intelligence Practice 12),Artificial Intelligence is the simulation of human intelligence in machines.
What is Machine Learning? (Artificial Intelligence Practice 12),Machine Learning is a subset of AI that learns patterns from data.
What is Deep Learning? (Artificial Intelligence Practice 12),Deep Learning uses multi-layer neural networks.
What is NLP? (Artificial Intelligence Practice 12),Natural Language Processing enables computers to understand human language.
What is Computer Vision? (Artificial Intelligence Practice 12),Computer Vision enables computers to analyze images and videos.
What is AI? (Artificial Intelligence Practice 13),Artificial Intelligence is the simulation of human intelligence in machines.
What is Machine Learning? (Artificial Intelligence Practice 13),Machine Learning is a subset of AI that learns patterns from data.
What is Deep Learning? (Artificial Intelligence Practice 13),Deep Learning uses multi-layer neural networks.
What is NLP? (Artificial Intelligence Practice 13),Natural Language Processing enables computers to understand human language.
What is Computer Vision? (Artificial Intelligence Practice 13),Computer Vision enables computers to analyze images and videos.
What is AI? (Artificial Intelligence Practice 14),Artificial Intelligence is the simulation of human intelligence in machines.
What is Machine Learning? (Artificial Intelligence Practice 14),Machine Learning is a subset of AI that learns patterns from data.
What is Deep Learning? (Artificial Intelligence Practice 14),Deep Learning uses multi-layer neural networks.
What is NLP? (Artificial Intelligence Practice 14),Natural Language Processing enables computers to understand human language.
What is Computer Vision? (Artificial Intelligence Practice 14),Computer Vision enables computers to analyze images and videos.
What is AI? (Artificial Intelligence Practice 15),Artificial Intelligence is the simulation of human intelligence in machines.
What is Machine Learning? (Artificial Intelligence Practice 15),Machine Learning is a subset of AI that learns patterns from data.
What is Deep Learning? (Artificial Intelligence Practice 15),Deep Learning uses multi-layer neural networks.
What is NLP? (Artificial Intelligence Practice 15),Natural Language Processing enables computers to understand human language.
What is Computer Vision? (Artificial Intelligence Practice 15),Computer Vision enables computers to analyze images and videos.
What is AI? (Artificial Intelligence Practice 16),Artificial Intelligence is the simulation of human intelligence in machines.
What is Machine Learning? (Artificial Intelligence Practice 16),Machine Learning is a subset of AI that learns patterns from data.
What is Deep Learning? (Artificial Intelligence Practice 16),Deep Learning uses multi-layer neural networks.
What is NLP? (Artificial Intelligence Practice 16),Natural Language Processing enables computers to understand human language.
What is Computer Vision? (Artificial Intelligence Practice 16),Computer Vision enables computers to analyze images and videos.
What is AI? (Artificial Intelligence Practice 17),Artificial Intelligence is the simulation of human intelligence in machines.
What is Machine Learning? (Artificial Intelligence Practice 17),Machine Learning is a subset of AI that learns patterns from data.
What is Deep Learning? (Artificial Intelligence Practice 17),Deep Learning uses multi-layer neural networks.
What is NLP? (Artificial Intelligence Practice 17),Natural Language Processing enables computers to understand human language.
What is Computer Vision? (Artificial Intelligence Practice 17),Computer Vision enables computers to analyze images and videos.
What is AI? (Artificial Intelligence Practice 18),Artificial Intelligence is the simulation of human intelligence in machines.
What is Machine Learning? (Artificial Intelligence Practice 18),Machine Learning is a subset of AI that learns patterns from data.
What is Deep Learning? (Artificial Intelligence Practice 18),Deep Learning uses multi-layer neural networks.
What is NLP? (Artificial Intelligence Practice 18),Natural Language Processing enables computers to understand human language.
What is Computer Vision? (Artificial Intelligence Practice 18),Computer Vision enables computers to analyze images and videos.
What is AI? (Artificial Intelligence Practice 19),Artificial Intelligence is the simulation of human intelligence in machines.
What is Machine Learning? (Artificial Intelligence Practice 19),Machine Learning is a subset of AI that learns patterns from data.
What is Deep Learning? (Artificial Intelligence Practice 19),Deep Learning uses multi-layer neural networks.
What is NLP? (Artificial Intelligence Practice 19),Natural Language Processing enables computers to understand human language.
What is Computer Vision? (Artificial Intelligence Practice 19),Computer Vision enables computers to analyze images and videos.
What is AI? (Artificial Intelligence Practice 20),Artificial Intelligence is the simulation of human intelligence in machines.
What is Machine Learning? (Artificial Intelligence Practice 20),Machine Learning is a subset of AI that learns patterns from data.
What is Deep Learning? (Artificial Intelligence Practice 20),Deep Learning uses multi-layer neural networks.
What is NLP? (Artificial Intelligence Practice 20),Natural Language Processing enables computers to understand human language.
What is Computer Vision? (Artificial Intelligence Practice 20),Computer Vision enables computers to analyze images and videos.
What is AI? (Artificial Intelligence Practice 21),Artificial Intelligence is the simulation of human intelligence in machines.
What is Machine Learning? (Artificial Intelligence Practice 21),Machine Learning is a subset of AI that learns patterns from data.
What is Deep Learning? (Artificial Intelligence Practice 21),Deep Learning uses multi-layer neural networks.
What is NLP? (Artificial Intelligence Practice 21),Natural Language Processing enables computers to understand human language.
What is Computer Vision? (Artificial Intelligence Practice 21),Computer Vision enables computers to analyze images and videos.
What is AI? (Artificial Intelligence Practice 22),Artificial Intelligence is the simulation of human intelligence in machines.
What is Machine Learning? (Artificial Intelligence Practice 22),Machine Learning is a subset of AI that learns patterns from data.
What is Deep Learning? (Artificial Intelligence Practice 22),Deep Learning uses multi-layer neural networks.
What is NLP? (Artificial Intelligence Practice 22),Natural Language Processing enables computers to understand human language.
What is Computer Vision? (Artificial Intelligence Practice 22),Computer Vision enables computers to analyze images and videos.
What is AI? (Artificial Intelligence Practice 23),Artificial Intelligence is the simulation of human intelligence in machines.
What is Machine Learning? (Artificial Intelligence Practice 23),Machine Learning is a subset of AI that learns patterns from data.
What is Deep Learning? (Artificial Intelligence Practice 23),Deep Learning uses multi-layer neural networks.
What is NLP? (Artificial Intelligence Practice 23),Natural Language Processing enables computers to understand human language.
What is Computer Vision? (Artificial Intelligence Practice 23),Computer Vision enables computers to analyze images and videos.
What is AI? (Artificial Intelligence Practice 24),Artificial Intelligence is the simulation of human intelligence in machines.
What is Machine Learning? (Artificial Intelligence Practice 24),Machine Learning is a subset of AI that learns patterns from data.
What is Deep Learning? (Artificial Intelligence Practice 24),Deep Learning uses multi-layer neural networks.
What is NLP? (Artificial Intelligence Practice 24),Natural Language Processing enables computers to understand human language.
What is Computer Vision? (Artificial Intelligence Practice 24),Computer Vision enables computers to analyze images and videos.
What is AI? (Artificial Intelligence Practice 25),Artificial Intelligence is the simulation of human intelligence in machines.
What is Machine Learning? (Artificial Intelligence Practice 25),Machine Learning is a subset of AI that learns patterns from data.
What is Deep Learning? (Artificial Intelligence Practice 25),Deep Learning uses multi-layer neural networks.
What is NLP? (Artificial Intelligence Practice 25),Natural Language Processing enables computers to understand human language.
What is Computer Vision? (Artificial Intelligence Practice 25),Computer Vision enables computers to analyze images and videos.
What is AI? (Artificial Intelligence Practice 26),Artificial Intelligence is the simulation of human intelligence in machines.
What is Machine Learning? (Artificial Intelligence Practice 26),Machine Learning is a subset of AI that learns patterns from data.
What is Deep Learning? (Artificial Intelligence Practice 26),Deep Learning uses multi-layer neural networks.
What is NLP? (Artificial Intelligence Practice 26),Natural Language Processing enables computers to understand human language.
What is Computer Vision? (Artificial Intelligence Practice 26),Computer Vision enables computers to analyze images and videos.
What is AI? (Artificial Intelligence Practice 27),Artificial Intelligence is the simulation of human intelligence in machines.
What is Machine Learning? (Artificial Intelligence Practice 27),Machine Learning is a subset of AI that learns patterns from data.
What is Deep Learning? (Artificial Intelligence Practice 27),Deep Learning uses multi-layer neural networks.
What is NLP? (Artificial Intelligence Practice 27),Natural Language Processing enables computers to understand human language.
What is Computer Vision? (Artificial Intelligence Practice 27),Computer Vision enables computers to analyze images and videos.
What is AI? (Artificial Intelligence Practice 28),Artificial Intelligence is the simulation of human intelligence in machines.
What is Machine Learning? (Artificial Intelligence Practice 28),Machine Learning is a subset of AI that learns patterns from data.
What is Deep Learning? (Artificial Intelligence Practice 28),Deep Learning uses multi-layer neural networks.
What is NLP? (Artificial Intelligence Practice 28),Natural Language Processing enables computers to understand human language.
What is Computer Vision? (Artificial Intelligence Practice 28),Computer Vision enables computers to analyze images and videos.
What is AI? (Artificial Intelligence Practice 29),Artificial Intelligence is the simulation of human intelligence in machines.
What is Machine Learning? (Artificial Intelligence Practice 29),Machine Learning is a subset of AI that learns patterns from data.
What is Deep Learning? (Artificial Intelligence Practice 29),Deep Learning uses multi-layer neural networks.
What is NLP? (Artificial Intelligence Practice 29),Natural Language Processing enables computers to understand human language.
What is Computer Vision? (Artificial Intelligence Practice 29),Computer Vision enables computers to analyze images and videos.
What is AI? (Artificial Intelligence Practice 30),Artificial Intelligence is the simulation of human intelligence in machines.
What is Machine Learning? (Artificial Intelligence Practice 30),Machine Learning is a subset of AI that learns patterns from data.
What is Deep Learning? (Artificial Intelligence Practice 30),Deep Learning uses multi-layer neural networks.
What is NLP? (Artificial Intelligence Practice 30),Natural Language Processing enables computers to understand human language.
What is Computer Vision? (Artificial Intelligence Practice 30),Computer Vision enables computers to analyze images and videos.
What is AI? (Artificial Intelligence Practice 31),Artificial Intelligence is the simulation of human intelligence in machines.
What is Machine Learning? (Artificial Intelligence Practice 31),Machine Learning is a subset of AI that learns patterns from data.
What is Deep Learning? (Artificial Intelligence Practice 31),Deep Learning uses multi-layer neural networks.
What is NLP? (Artificial Intelligence Practice 31),Natural Language Processing enables computers to understand human language.
What is Computer Vision? (Artificial Intelligence Practice 31),Computer Vision enables computers to analyze images and videos.
What is AI? (Artificial Intelligence Practice 32),Artificial Intelligence is the simulation of human intelligence in machines.
What is Machine Learning? (Artificial Intelligence Practice 32),Machine Learning is a subset of AI that learns patterns from data.
What is Deep Learning? (Artificial Intelligence Practice 32),Deep Learning uses multi-layer neural networks.
What is NLP? (Artificial Intelligence Practice 32),Natural Language Processing enables computers to understand human language.
What is Computer Vision? (Artificial Intelligence Practice 32),Computer Vision enables computers to analyze images and videos.
What is AI? (Artificial Intelligence Practice 33),Artificial Intelligence is the simulation of human intelligence in machines.
What is Machine Learning? (Artificial Intelligence Practice 33),Machine Learning is a subset of AI that learns patterns from data.
What is Deep Learning? (Artificial Intelligence Practice 33),Deep Learning uses multi-layer neural networks.
What is NLP? (Artificial Intelligence Practice 33),Natural Language Processing enables computers to understand human language.
What is Computer Vision? (Artificial Intelligence Practice 33),Computer Vision enables computers to analyze images and videos.
What is AI? (Artificial Intelligence Practice 34),Artificial Intelligence is the simulation of human intelligence in machines.
What is Machine Learning? (Artificial Intelligence Practice 34),Machine Learning is a subset of AI that learns patterns from data.
What is Deep Learning? (Artificial Intelligence Practice 34),Deep Learning uses multi-layer neural networks.
What is NLP? (Artificial Intelligence Practice 34),Natural Language Processing enables computers to understand human language.
What is Computer Vision? (Artificial Intelligence Practice 34),Computer Vision enables computers to analyze images and videos.
What is AI? (Artificial Intelligence Practice 35),Artificial Intelligence is the simulation of human intelligence in machines.
What is Machine Learning? (Artificial Intelligence Practice 35),Machine Learning is a subset of AI that learns patterns from data.
What is Deep Learning? (Artificial Intelligence Practice 35),Deep Learning uses multi-layer neural networks.
What is NLP? (Artificial Intelligence Practice 35),Natural Language Processing enables computers to understand human language.
What is Computer Vision? (Artificial Intelligence Practice 35),Computer Vision enables computers to analyze images and videos.
What is AI? (Artificial Intelligence Practice 36),Artificial Intelligence is the simulation of human intelligence in machines.
What is Machine Learning? (Artificial Intelligence Practice 36),Machine Learning is a subset of AI that learns patterns from data.
What is Deep Learning? (Artificial Intelligence Practice 36),Deep Learning uses multi-layer neural networks.
What is NLP? (Artificial Intelligence Practice 36),Natural Language Processing enables computers to understand human language.
What is Computer Vision? (Artificial Intelligence Practice 36),Computer Vision enables computers to analyze images and videos.
What is AI? (Artificial Intelligence Practice 37),Artificial Intelligence is the simulation of human intelligence in machines.
What is Machine Learning? (Artificial Intelligence Practice 37),Machine Learning is a subset of AI that learns patterns from data.
What is Deep Learning? (Artificial Intelligence Practice 37),Deep Learning uses multi-layer neural networks.
What is NLP? (Artificial Intelligence Practice 37),Natural Language Processing enables computers to understand human language.
What is Computer Vision? (Artificial Intelligence Practice 37),Computer Vision enables computers to analyze images and videos.
What is AI? (Artificial Intelligence Practice 38),Artificial Intelligence is the simulation of human intelligence in machines.
What is Machine Learning? (Artificial Intelligence Practice 38),Machine Learning is a subset of AI that learns patterns from data.
What is Deep Learning? (Artificial Intelligence Practice 38),Deep Learning uses multi-layer neural networks.
What is NLP? (Artificial Intelligence Practice 38),Natural Language Processing enables computers to understand human language.
What is Computer Vision? (Artificial Intelligence Practice 38),Computer Vision enables computers to analyze images and videos.
What is AI? (Artificial Intelligence Practice 39),Artificial Intelligence is the simulation of human intelligence in machines.
What is Machine Learning? (Artificial Intelligence Practice 39),Machine Learning is a subset of AI that learns patterns from data.
What is Deep Learning? (Artificial Intelligence Practice 39),Deep Learning uses multi-layer neural networks.
What is NLP? (Artificial Intelligence Practice 39),Natural Language Processing enables computers to understand human language.
What is Computer Vision? (Artificial Intelligence Practice 39),Computer Vision enables computers to analyze images and videos.
What is AI? (Artificial Intelligence Practice 40),Artificial Intelligence is the simulation of human intelligence in machines.
What is Machine Learning? (Artificial Intelligence Practice 40),Machine Learning is a subset of AI that learns patterns from data.
What is Deep Learning? (Artificial Intelligence Practice 40),Deep Learning uses multi-layer neural networks.
What is NLP? (Artificial Intelligence Practice 40),Natural Language Processing enables computers to understand human language.
What is Computer Vision? (Artificial Intelligence Practice 40),Computer Vision enables computers to analyze images and videos.
What is AI? (Artificial Intelligence Practice 41),Artificial Intelligence is the simulation of human intelligence in machines.
What is Machine Learning? (Artificial Intelligence Practice 41),Machine Learning is a subset of AI that learns patterns from data.
What is Deep Learning? (Artificial Intelligence Practice 41),Deep Learning uses multi-layer neural networks.
What is NLP? (Artificial Intelligence Practice 41),Natural Language Processing enables computers to understand human language.
What is Computer Vision? (Artificial Intelligence Practice 41),Computer Vision enables computers to analyze images and videos.
What is AI? (Artificial Intelligence Practice 42),Artificial Intelligence is the simulation of human intelligence in machines.
What is Machine Learning? (Artificial Intelligence Practice 42),Machine Learning is a subset of AI that learns patterns from data.
What is Deep Learning? (Artificial Intelligence Practice 42),Deep Learning uses multi-layer neural networks.
What is NLP? (Artificial Intelligence Practice 42),Natural Language Processing enables computers to understand human language.
What is Computer Vision? (Artificial Intelligence Practice 42),Computer Vision enables computers to analyze images and videos.
What is AI? (Artificial Intelligence Practice 43),Artificial Intelligence is the simulation of human intelligence in machines.
What is Machine Learning? (Artificial Intelligence Practice 43),Machine Learning is a subset of AI that learns patterns from data.
What is Deep Learning? (Artificial Intelligence Practice 43),Deep Learning uses multi-layer neural networks.
What is NLP? (Artificial Intelligence Practice 43),Natural Language Processing enables computers to understand human language.
What is Computer Vision? (Artificial Intelligence Practice 43),Computer Vision enables computers to analyze images and videos.
What is AI? (Artificial Intelligence Practice 44),Artificial Intelligence is the simulation of human intelligence in machines.
What is Machine Learning? (Artificial Intelligence Practice 44),Machine Learning is a subset of AI that learns patterns from data.
What is Deep Learning? (Artificial Intelligence Practice 44),Deep Learning uses multi-layer neural networks.
What is NLP? (Artificial Intelligence Practice 44),Natural Language Processing enables computers to understand human language.
What is Computer Vision? (Artificial Intelligence Practice 44),Computer Vision enables computers to analyze images and videos.
What is AI? (Artificial Intelligence Practice 45),Artificial Intelligence is the simulation of human intelligence in machines.
What is Machine Learning? (Artificial Intelligence Practice 45),Machine Learning is a subset of AI that learns patterns from data.
What is Deep Learning? (Artificial Intelligence Practice 45),Deep Learning uses multi-layer neural networks.
What is NLP? (Artificial Intelligence Practice 45),Natural Language Processing enables computers to understand human language.
What is Computer Vision? (Artificial Intelligence Practice 45),Computer Vision enables computers to analyze images and videos.
What is AI? (Artificial Intelligence Practice 46),Artificial Intelligence is the simulation of human intelligence in machines.
What is Machine Learning? (Artificial Intelligence Practice 46),Machine Learning is a subset of AI that learns patterns from data.
What is Deep Learning? (Artificial Intelligence Practice 46),Deep Learning uses multi-layer neural networks.
What is NLP? (Artificial Intelligence Practice 46),Natural Language Processing enables computers to understand human language.
What is Computer Vision? (Artificial Intelligence Practice 46),Computer Vision enables computers to analyze images and videos.
What is AI? (Artificial Intelligence Practice 47),Artificial Intelligence is the simulation of human intelligence in machines.
What is Machine Learning? (Artificial Intelligence Practice 47),Machine Learning is a subset of AI that learns patterns from data.
What is Deep Learning? (Artificial Intelligence Practice 47),Deep Learning uses multi-layer neural networks.
What is NLP? (Artificial Intelligence Practice 47),Natural Language Processing enables computers to understand human language.
What is Computer Vision? (Artificial Intelligence Practice 47),Computer Vision enables computers to analyze images and videos.
What is AI? (Artificial Intelligence Practice 48),Artificial Intelligence is the simulation of human intelligence in machines.
What is Machine Learning? (Artificial Intelligence Practice 48),Machine Learning is a subset of AI that learns patterns from data.
What is Deep Learning? (Artificial Intelligence Practice 48),Deep Learning uses multi-layer neural networks.
What is NLP? (Artificial Intelligence Practice 48),Natural Language Processing enables computers to understand human language.
What is Computer Vision? (Artificial Intelligence Practice 48),Computer Vision enables computers to analyze images and videos.
What is AI? (Artificial Intelligence Practice 49),Artificial Intelligence is the simulation of human intelligence in machines.
What is Machine Learning? (Artificial Intelligence Practice 49),Machine Learning is a subset of AI that learns patterns from data.
What is Deep Learning? (Artificial Intelligence Practice 49),Deep Learning uses multi-layer neural networks.
What is NLP? (Artificial Intelligence Practice 49),Natural Language Processing enables computers to understand human language.
What is Computer Vision? (Artificial Intelligence Practice 49),Computer Vision enables computers to analyze images and videos.
What is AI? (Artificial Intelligence Practice 50),Artificial Intelligence is the simulation of human intelligence in machines.
What is Machine Learning? (Artificial Intelligence Practice 50),Machine Learning is a subset of AI that learns patterns from data.
What is Deep Learning? (Artificial Intelligence Practice 50),Deep Learning uses multi-layer neural networks.
What is NLP? (Artificial Intelligence Practice 50),Natural Language Processing enables computers to understand human language.
What is Computer Vision? (Artificial Intelligence Practice 50),Computer Vision enables computers to analyze images and videos.
What is AI? (Artificial Intelligence Practice 51),Artificial Intelligence is the simulation of human intelligence in machines.
What is Machine Learning? (Artificial Intelligence Practice 51),Machine Learning is a subset of AI that learns patterns from data.
What is Deep Learning? (Artificial Intelligence Practice 51),Deep Learning uses multi-layer neural networks.
What is NLP? (Artificial Intelligence Practice 51),Natural Language Processing enables computers to understand human language.
What is Computer Vision? (Artificial Intelligence Practice 51),Computer Vision enables computers to analyze images and videos.
What is AI? (Artificial Intelligence Practice 52),Artificial Intelligence is the simulation of human intelligence in machines.
What is Machine Learning? (Artificial Intelligence Practice 52),Machine Learning is a subset of AI that learns patterns from data.
What is Deep Learning? (Artificial Intelligence Practice 52),Deep Learning uses multi-layer neural networks.
What is NLP? (Artificial Intelligence Practice 52),Natural Language Processing enables computers to understand human language.
What is Computer Vision? (Artificial Intelligence Practice 52),Computer Vision enables computers to analyze images and videos.
What is AI? (Artificial Intelligence Practice 53),Artificial Intelligence is the simulation of human intelligence in machines.
What is Machine Learning? (Artificial Intelligence Practice 53),Machine Learning is a subset of AI that learns patterns from data.
What is Deep Learning? (Artificial Intelligence Practice 53),Deep Learning uses multi-layer neural networks.
What is NLP? (Artificial Intelligence Practice 53),Natural Language Processing enables computers to understand human language.
What is Computer Vision? (Artificial Intelligence Practice 53),Computer Vision enables computers to analyze images and videos.
What is AI? (Artificial Intelligence Practice 54),Artificial Intelligence is the simulation of human intelligence in machines.
What is Machine Learning? (Artificial Intelligence Practice 54),Machine Learning is a subset of AI that learns patterns from data.
What is Deep Learning? (Artificial Intelligence Practice 54),Deep Learning uses multi-layer neural networks.
What is NLP? (Artificial Intelligence Practice 54),Natural Language Processing enables computers to understand human language.
What is Computer Vision? (Artificial Intelligence Practice 54),Computer Vision enables computers to analyze images and videos.
What is AI? (Artificial Intelligence Practice 55),Artificial Intelligence is the simulation of human intelligence in machines.
What is Machine Learning? (Artificial Intelligence Practice 55),Machine Learning is a subset of AI that learns patterns from data.
What is Deep Learning? (Artificial Intelligence Practice 55),Deep Learning uses multi-layer neural networks.
What is NLP? (Artificial Intelligence Practice 55),Natural Language Processing enables computers to understand human language.
What is Computer Vision? (Artificial Intelligence Practice 55),Computer Vision enables computers to analyze images and videos.
What is AI? (Artificial Intelligence Practice 56),Artificial Intelligence is the simulation of human intelligence in machines.
What is Machine Learning? (Artificial Intelligence Practice 56),Machine Learning is a subset of AI that learns patterns from data.
What is Deep Learning? (Artificial Intelligence Practice 56),Deep Learning uses multi-layer neural networks.
What is NLP? (Artificial Intelligence Practice 56),Natural Language Processing enables computers to understand human language.
What is Computer Vision? (Artificial Intelligence Practice 56),Computer Vision enables computers to analyze images and videos.
What is AI? (Artificial Intelligence Practice 57),Artificial Intelligence is the simulation of human intelligence in machines.
What is Machine Learning? (Artificial Intelligence Practice 57),Machine Learning is a subset of AI that learns patterns from data.
What is Deep Learning? (Artificial Intelligence Practice 57),Deep Learning uses multi-layer neural networks.
What is NLP? (Artificial Intelligence Practice 57),Natural Language Processing enables computers to understand human language.
What is Computer Vision? (Artificial Intelligence Practice 57),Computer Vision enables computers to analyze images and videos.
What is AI? (Artificial Intelligence Practice 58),Artificial Intelligence is the simulation of human intelligence in machines.
What is Machine Learning? (Artificial Intelligence Practice 58),Machine Learning is a subset of AI that learns patterns from data.
What is Deep Learning? (Artificial Intelligence Practice 58),Deep Learning uses multi-layer neural networks.
What is NLP? (Artificial Intelligence Practice 58),Natural Language Processing enables computers to understand human language.
What is Computer Vision? (Artificial Intelligence Practice 58),Computer Vision enables computers to analyze images and videos.
What is AI? (Artificial Intelligence Practice 59),Artificial Intelligence is the simulation of human intelligence in machines.
What is Machine Learning? (Artificial Intelligence Practice 59),Machine Learning is a subset of AI that learns patterns from data.
What is Deep Learning? (Artificial Intelligence Practice 59),Deep Learning uses multi-layer neural networks.
What is NLP? (Artificial Intelligence Practice 59),Natural Language Processing enables computers to understand human language.
What is Computer Vision? (Artificial Intelligence Practice 59),Computer Vision enables computers to analyze images and videos.
What is AI? (Artificial Intelligence Practice 60),Artificial Intelligence is the simulation of human intelligence in machines.
What is Machine Learning? (Artificial Intelligence Practice 60),Machine Learning is a subset of AI that learns patterns from data.
What is Deep Learning? (Artificial Intelligence Practice 60),Deep Learning uses multi-layer neural networks.
What is NLP? (Artificial Intelligence Practice 60),Natural Language Processing enables computers to understand human language.
What is Computer Vision? (Artificial Intelligence Practice 60),Computer Vision enables computers to analyze images and videos.
What is AI? (Artificial Intelligence Practice 61),Artificial Intelligence is the simulation of human intelligence in machines.
What is Machine Learning? (Artificial Intelligence Practice 61),Machine Learning is a subset of AI that learns patterns from data.
What is Deep Learning? (Artificial Intelligence Practice 61),Deep Learning uses multi-layer neural networks.
What is NLP? (Artificial Intelligence Practice 61),Natural Language Processing enables computers to understand human language.
What is Computer Vision? (Artificial Intelligence Practice 61),Computer Vision enables computers to analyze images and videos.
What is AI? (Artificial Intelligence Practice 62),Artificial Intelligence is the simulation of human intelligence in machines.
What is Machine Learning? (Artificial Intelligence Practice 62),Machine Learning is a subset of AI that learns patterns from data.
What is Deep Learning? (Artificial Intelligence Practice 62),Deep Learning uses multi-layer neural networks.
What is NLP? (Artificial Intelligence Practice 62),Natural Language Processing enables computers to understand human language.
What is Computer Vision? (Artificial Intelligence Practice 62),Computer Vision enables computers to analyze images and videos.
What is AI? (Artificial Intelligence Practice 63),Artificial Intelligence is the simulation of human intelligence in machines.
What is Machine Learning? (Artificial Intelligence Practice 63),Machine Learning is a subset of AI that learns patterns from data.
What is Deep Learning? (Artificial Intelligence Practice 63),Deep Learning uses multi-layer neural networks.
What is NLP? (Artificial Intelligence Practice 63),Natural Language Processing enables computers to understand human language.
What is Computer Vision? (Artificial Intelligence Practice 63),Computer Vision enables computers to analyze images and videos.
What is AI? (Artificial Intelligence Practice 64),Artificial Intelligence is the simulation of human intelligence in machines.
What is Machine Learning? (Artificial Intelligence Practice 64),Machine Learning is a subset of AI that learns patterns from data.
What is Deep Learning? (Artificial Intelligence Practice 64),Deep Learning uses multi-layer neural networks.
What is NLP? (Artificial Intelligence Practice 64),Natural Language Processing enables computers to understand human language.
What is Computer Vision? (Artificial Intelligence Practice 64),Computer Vision enables computers to analyze images and videos.
What is AI? (Artificial Intelligence Practice 65),Artificial Intelligence is the simulation of human intelligence in machines.
What is Machine Learning? (Artificial Intelligence Practice 65),Machine Learning is a subset of AI that learns patterns from data.
What is Deep Learning? (Artificial Intelligence Practice 65),Deep Learning uses multi-layer neural networks.
What is NLP? (Artificial Intelligence Practice 65),Natural Language Processing enables computers to understand human language.
What is Computer Vision? (Artificial Intelligence Practice 65),Computer Vision enables computers to analyze images and videos.
What is AI? (Artificial Intelligence Practice 66),Artificial Intelligence is the simulation of human intelligence in machines.
What is Machine Learning? (Artificial Intelligence Practice 66),Machine Learning is a subset of AI that learns patterns from data.
What is Deep Learning? (Artificial Intelligence Practice 66),Deep Learning uses multi-layer neural networks.
What is NLP? (Artificial Intelligence Practice 66),Natural Language Processing enables computers to understand human language.
What is Computer Vision? (Artificial Intelligence Practice 66),Computer Vision enables computers to analyze images and videos.
What is AI? (Artificial Intelligence Practice 67),Artificial Intelligence is the simulation of human intelligence in machines.
What is Machine Learning? (Artificial Intelligence Practice 67),Machine Learning is a subset of AI that learns patterns from data.
What is Deep Learning? (Artificial Intelligence Practice 67),Deep Learning uses multi-layer neural networks.
What is NLP? (Artificial Intelligence Practice 67),Natural Language Processing enables computers to understand human language.
What is Computer Vision? (Artificial Intelligence Practice 67),Computer Vision enables computers to analyze images and videos.
What is AI? (Artificial Intelligence Practice 68),Artificial Intelligence is the simulation of human intelligence in machines.
What is Machine Learning? (Artificial Intelligence Practice 68),Machine Learning is a subset of AI that learns patterns from data.
What is Deep Learning? (Artificial Intelligence Practice 68),Deep Learning uses multi-layer neural networks.
What is NLP? (Artificial Intelligence Practice 68),Natural Language Processing enables computers to understand human language.
What is Computer Vision? (Artificial Intelligence Practice 68),Computer Vision enables computers to analyze images and videos.
What is AI? (Artificial Intelligence Practice 69),Artificial Intelligence is the simulation of human intelligence in machines.
What is Machine Learning? (Artificial Intelligence Practice 69),Machine Learning is a subset of AI that learns patterns from data.
What is Deep Learning? (Artificial Intelligence Practice 69),Deep Learning uses multi-layer neural networks.
What is NLP? (Artificial Intelligence Practice 69),Natural Language Processing enables computers to understand human language.
What is Computer Vision? (Artificial Intelligence Practice 69),Computer Vision enables computers to analyze images and videos.
What is AI? (Artificial Intelligence Practice 70),Artificial Intelligence is the simulation of human intelligence in machines.
What is Machine Learning? (Artificial Intelligence Practice 70),Machine Learning is a subset of AI that learns patterns from data.
What is Deep Learning? (Artificial Intelligence Practice 70),Deep Learning uses multi-layer neural networks.
What is NLP? (Artificial Intelligence Practice 70),Natural Language Processing enables computers to understand human language.
What is Computer Vision? (Artificial Intelligence Practice 70),Computer Vision enables computers to analyze images and videos.
What is AI? (Artificial Intelligence Practice 71),Artificial Intelligence is the simulation of human intelligence in machines.
What is Machine Learning? (Artificial Intelligence Practice 71),Machine Learning is a subset of AI that learns patterns from data.
What is Deep Learning? (Artificial Intelligence Practice 71),Deep Learning uses multi-layer neural networks.
What is NLP? (Artificial Intelligence Practice 71),Natural Language Processing enables computers to understand human language.
What is Computer Vision? (Artificial Intelligence Practice 71),Computer Vision enables computers to analyze images and videos.
What is AI? (Artificial Intelligence Practice 72),Artificial Intelligence is the simulation of human intelligence in machines.
What is Machine Learning? (Artificial Intelligence Practice 72),Machine Learning is a subset of AI that learns patterns from data.
What is Deep Learning? (Artificial Intelligence Practice 72),Deep Learning uses multi-layer neural networks.
What is NLP? (Artificial Intelligence Practice 72),Natural Language Processing enables computers to understand human language.
What is Computer Vision? (Artificial Intelligence Practice 72),Computer Vision enables computers to analyze images and videos.
What is AI? (Artificial Intelligence Practice 73),Artificial Intelligence is the simulation of human intelligence in machines.
What is Machine Learning? (Artificial Intelligence Practice 73),Machine Learning is a subset of AI that learns patterns from data.
What is Deep Learning? (Artificial Intelligence Practice 73),Deep Learning uses multi-layer neural networks.
What is NLP? (Artificial Intelligence Practice 73),Natural Language Processing enables computers to understand human language.
What is Computer Vision? (Artificial Intelligence Practice 73),Computer Vision enables computers to analyze images and videos.
What is AI? (Artificial Intelligence Practice 74),Artificial Intelligence is the simulation of human intelligence in machines.
What is Machine Learning? (Artificial Intelligence Practice 74),Machine Learning is a subset of AI that learns patterns from data.
What is Deep Learning? (Artificial Intelligence Practice 74),Deep Learning uses multi-layer neural networks.
What is NLP? (Artificial Intelligence Practice 74),Natural Language Processing enables computers to understand human language.
What is Computer Vision? (Artificial Intelligence Practice 74),Computer Vision enables computers to analyze images and videos.
What is AI? (Artificial Intelligence Practice 75),Artificial Intelligence is the simulation of human intelligence in machines.
What is Machine Learning? (Artificial Intelligence Practice 75),Machine Learning is a subset of AI that learns patterns from data.
What is Deep Learning? (Artificial Intelligence Practice 75),Deep Learning uses multi-layer neural networks.
What is NLP? (Artificial Intelligence Practice 75),Natural Language Processing enables computers to understand human language.
What is Computer Vision? (Artificial Intelligence Practice 75),Computer Vision enables computers to analyze images and videos.
What is AI? (Artificial Intelligence Practice 76),Artificial Intelligence is the simulation of human intelligence in machines.
What is Machine Learning? (Artificial Intelligence Practice 76),Machine Learning is a subset of AI that learns patterns from data.
What is Deep Learning? (Artificial Intelligence Practice 76),Deep Learning uses multi-layer neural networks.
What is NLP? (Artificial Intelligence Practice 76),Natural Language Processing enables computers to understand human language.
What is Computer Vision? (Artificial Intelligence Practice 76),Computer Vision enables computers to analyze images and videos.
What is AI? (Artificial Intelligence Practice 77),Artificial Intelligence is the simulation of human intelligence in machines.
What is Machine Learning? (Artificial Intelligence Practice 77),Machine Learning is a subset of AI that learns patterns from data.
What is Deep Learning? (Artificial Intelligence Practice 77),Deep Learning uses multi-layer neural networks.
What is NLP? (Artificial Intelligence Practice 77),Natural Language Processing enables computers to understand human language.
What is Computer Vision? (Artificial Intelligence Practice 77),Computer Vision enables computers to analyze images and videos.
What is AI? (Artificial Intelligence Practice 78),Artificial Intelligence is the simulation of human intelligence in machines.
What is Machine Learning? (Artificial Intelligence Practice 78),Machine Learning is a subset of AI that learns patterns from data.
What is Deep Learning? (Artificial Intelligence Practice 78),Deep Learning uses multi-layer neural networks.
What is NLP? (Artificial Intelligence Practice 78),Natural Language Processing enables computers to understand human language.
What is Computer Vision? (Artificial Intelligence Practice 78),Computer Vision enables computers to analyze images and videos.
What is AI? (Artificial Intelligence Practice 79),Artificial Intelligence is the simulation of human intelligence in machines.
What is Machine Learning? (Artificial Intelligence Practice 79),Machine Learning is a subset of AI that learns patterns from data.
What is Deep Learning? (Artificial Intelligence Practice 79),Deep Learning uses multi-layer neural networks.
What is NLP? (Artificial Intelligence Practice 79),Natural Language Processing enables computers to understand human language.
What is Computer Vision? (Artificial Intelligence Practice 79),Computer Vision enables computers to analyze images and videos.
What is AI? (Artificial Intelligence Practice 80),Artificial Intelligence is the simulation of human intelligence in machines.
What is Machine Learning? (Artificial Intelligence Practice 80),Machine Learning is a subset of AI that learns patterns from data.
What is Deep Learning? (Artificial Intelligence Practice 80),Deep Learning uses multi-layer neural networks.
What is NLP? (Artificial Intelligence Practice 80),Natural Language Processing enables computers to understand human language.
What is Computer Vision? (Artificial Intelligence Practice 80),Computer Vision enables computers to analyze images and videos.
What is AI? (Artificial Intelligence Practice 81),Artificial Intelligence is the simulation of human intelligence in machines.
What is Machine Learning? (Artificial Intelligence Practice 81),Machine Learning is a subset of AI that learns patterns from data.
What is Deep Learning? (Artificial Intelligence Practice 81),Deep Learning uses multi-layer neural networks.
What is NLP? (Artificial Intelligence Practice 81),Natural Language Processing enables computers to understand human language.
What is Computer Vision? (Artificial Intelligence Practice 81),Computer Vision enables computers to analyze images and videos.
What is AI? (Artificial Intelligence Practice 82),Artificial Intelligence is the simulation of human intelligence in machines.
What is Machine Learning? (Artificial Intelligence Practice 82),Machine Learning is a subset of AI that learns patterns from data.
What is Deep Learning? (Artificial Intelligence Practice 82),Deep Learning uses multi-layer neural networks.
What is NLP? (Artificial Intelligence Practice 82),Natural Language Processing enables computers to understand human language.
What is Computer Vision? (Artificial Intelligence Practice 82),Computer Vision enables computers to analyze images and videos.
What is AI? (Artificial Intelligence Practice 83),Artificial Intelligence is the simulation of human intelligence in machines.
What is Machine Learning? (Artificial Intelligence Practice 83),Machine Learning is a subset of AI that learns patterns from data.
What is Deep Learning? (Artificial Intelligence Practice 83),Deep Learning uses multi-layer neural networks.
What is NLP? (Artificial Intelligence Practice 83),Natural Language Processing enables computers to understand human language.
What is Computer Vision? (Artificial Intelligence Practice 83),Computer Vision enables computers to analyze images and videos.
What is AI? (Artificial Intelligence Practice 84),Artificial Intelligence is the simulation of human intelligence in machines.
What is Machine Learning? (Artificial Intelligence Practice 84),Machine Learning is a subset of AI that learns patterns from data.
What is Deep Learning? (Artificial Intelligence Practice 84),Deep Learning uses multi-layer neural networks.
What is NLP? (Artificial Intelligence Practice 84),Natural Language Processing enables computers to understand human language.
What is Computer Vision? (Artificial Intelligence Practice 84),Computer Vision enables computers to analyze images and videos.
What is AI? (Artificial Intelligence Practice 85),Artificial Intelligence is the simulation of human intelligence in machines.
What is Machine Learning? (Artificial Intelligence Practice 85),Machine Learning is a subset of AI that learns patterns from data.
What is Deep Learning? (Artificial Intelligence Practice 85),Deep Learning uses multi-layer neural networks.
What is NLP? (Artificial Intelligence Practice 85),Natural Language Processing enables computers to understand human language.
What is Computer Vision? (Artificial Intelligence Practice 85),Computer Vision enables computers to analyze images and videos.
What is AI? (Artificial Intelligence Practice 86),Artificial Intelligence is the simulation of human intelligence in machines.
What is Machine Learning? (Artificial Intelligence Practice 86),Machine Learning is a subset of AI that learns patterns from data.
What is Deep Learning? (Artificial Intelligence Practice 86),Deep Learning uses multi-layer neural networks.
What is NLP? (Artificial Intelligence Practice 86),Natural Language Processing enables computers to understand human language.
What is Computer Vision? (Artificial Intelligence Practice 86),Computer Vision enables computers to analyze images and videos.
What is AI? (Artificial Intelligence Practice 87),Artificial Intelligence is the simulation of human intelligence in machines.
What is Machine Learning? (Artificial Intelligence Practice 87),Machine Learning is a subset of AI that learns patterns from data.
What is Deep Learning? (Artificial Intelligence Practice 87),Deep Learning uses multi-layer neural networks.
What is NLP? (Artificial Intelligence Practice 87),Natural Language Processing enables computers to understand human language.
What is Computer Vision? (Artificial Intelligence Practice 87),Computer Vision enables computers to analyze images and videos.
What is AI? (Artificial Intelligence Practice 88),Artificial Intelligence is the simulation of human intelligence in machines.
What is Machine Learning? (Artificial Intelligence Practice 88),Machine Learning is a subset of AI that learns patterns from data.
What is Deep Learning? (Artificial Intelligence Practice 88),Deep Learning uses multi-layer neural networks.
What is NLP? (Artificial Intelligence Practice 88),Natural Language Processing enables computers to understand human language.
What is Computer Vision? (Artificial Intelligence Practice 88),Computer Vision enables computers to analyze images and videos.
What is AI? (Artificial Intelligence Practice 89),Artificial Intelligence is the simulation of human intelligence in machines.
What is Machine Learning? (Artificial Intelligence Practice 89),Machine Learning is a subset of AI that learns patterns from data.
What is Deep Learning? (Artificial Intelligence Practice 89),Deep Learning uses multi-layer neural networks.
What is NLP? (Artificial Intelligence Practice 89),Natural Language Processing enables computers to understand human language.
What is Computer Vision? (Artificial Intelligence Practice 89),Computer Vision enables computers to analyze images and videos.
What is AI? (Artificial Intelligence Practice 90),Artificial Intelligence is the simulation of human intelligence in machines.
What is Machine Learning? (Artificial Intelligence Practice 90),Machine Learning is a subset of AI that learns patterns from data.
What is Deep Learning? (Artificial Intelligence Practice 90),Deep Learning uses multi-layer neural networks.
What is NLP? (Artificial Intelligence Practice 90),Natural Language Processing enables computers to understand human language.
What is Computer Vision? (Artificial Intelligence Practice 90),Computer Vision enables computers to analyze images and videos.
What is AI? (Artificial Intelligence Practice 91),Artificial Intelligence is the simulation of human intelligence in machines.
What is Machine Learning? (Artificial Intelligence Practice 91),Machine Learning is a subset of AI that learns patterns from data.
What is Deep Learning? (Artificial Intelligence Practice 91),Deep Learning uses multi-layer neural networks.
What is NLP? (Artificial Intelligence Practice 91),Natural Language Processing enables computers to understand human language.
What is Computer Vision? (Artificial Intelligence Practice 91),Computer Vision enables computers to analyze images and videos.
What is AI? (Artificial Intelligence Practice 92),Artificial Intelligence is the simulation of human intelligence in machines.
What is Machine Learning? (Artificial Intelligence Practice 92),Machine Learning is a subset of AI that learns patterns from data.
What is Deep Learning? (Artificial Intelligence Practice 92),Deep Learning uses multi-layer neural networks.
What is NLP? (Artificial Intelligence Practice 92),Natural Language Processing enables computers to understand human language.
What is Computer Vision? (Artificial Intelligence Practice 92),Computer Vision enables computers to analyze images and videos.
What is AI? (Artificial Intelligence Practice 93),Artificial Intelligence is the simulation of human intelligence in machines.
What is Machine Learning? (Artificial Intelligence Practice 93),Machine Learning is a subset of AI that learns patterns from data.
What is Deep Learning? (Artificial Intelligence Practice 93),Deep Learning uses multi-layer neural networks.
What is NLP? (Artificial Intelligence Practice 93),Natural Language Processing enables computers to understand human language.
What is Computer Vision? (Artificial Intelligence Practice 93),Computer Vision enables computers to analyze images and videos.
What is AI? (Artificial Intelligence Practice 94),Artificial Intelligence is the simulation of human intelligence in machines.
What is Machine Learning? (Artificial Intelligence Practice 94),Machine Learning is a subset of AI that learns patterns from data.
What is Deep Learning? (Artificial Intelligence Practice 94),Deep Learning uses multi-layer neural networks.
What is NLP? (Artificial Intelligence Practice 94),Natural Language Processing enables computers to understand human language.
What is Computer Vision? (Artificial Intelligence Practice 94),Computer Vision enables computers to analyze images and videos.
What is AI? (Artificial Intelligence Practice 95),Artificial Intelligence is the simulation of human intelligence in machines.
What is Machine Learning? (Artificial Intelligence Practice 95),Machine Learning is a subset of AI that learns patterns from data.
What is Deep Learning? (Artificial Intelligence Practice 95),Deep Learning uses multi-layer neural networks.
What is NLP? (Artificial Intelligence Practice 95),Natural Language Processing enables computers to understand human language.
What is Computer Vision? (Artificial Intelligence Practice 95),Computer Vision enables computers to analyze images and videos.
What is AI? (Artificial Intelligence Practice 96),Artificial Intelligence is the simulation of human intelligence in machines.
What is Machine Learning? (Artificial Intelligence Practice 96),Machine Learning is a subset of AI that learns patterns from data.
What is Deep Learning? (Artificial Intelligence Practice 96),Deep Learning uses multi-layer neural networks.
What is NLP? (Artificial Intelligence Practice 96),Natural Language Processing enables computers to understand human language.
What is Computer Vision? (Artificial Intelligence Practice 96),Computer Vision enables computers to analyze images and videos.
What is AI? (Artificial Intelligence Practice 97),Artificial Intelligence is the simulation of human intelligence in machines.
What is Machine Learning? (Artificial Intelligence Practice 97),Machine Learning is a subset of AI that learns patterns from data.
What is Deep Learning? (Artificial Intelligence Practice 97),Deep Learning uses multi-layer neural networks.
What is NLP? (Artificial Intelligence Practice 97),Natural Language Processing enables computers to understand human language.
What is Computer Vision? (Artificial Intelligence Practice 97),Computer Vision enables computers to analyze images and videos.
What is AI? (Artificial Intelligence Practice 98),Artificial Intelligence is the simulation of human intelligence in machines.
What is Machine Learning? (Artificial Intelligence Practice 98),Machine Learning is a subset of AI that learns patterns from data.
What is Deep Learning? (Artificial Intelligence Practice 98),Deep Learning uses multi-layer neural networks.
What is NLP? (Artificial Intelligence Practice 98),Natural Language Processing enables computers to understand human language.
What is Computer Vision? (Artificial Intelligence Practice 98),Computer Vision enables computers to analyze images and videos.
What is AI? (Artificial Intelligence Practice 99),Artificial Intelligence is the simulation of human intelligence in machines.
What is Machine Learning? (Artificial Intelligence Practice 99),Machine Learning is a subset of AI that learns patterns from data.
What is Deep Learning? (Artificial Intelligence Practice 99),Deep Learning uses multi-layer neural networks.
What is NLP? (Artificial Intelligence Practice 99),Natural Language Processing enables computers to understand human language.
What is Computer Vision? (Artificial Intelligence Practice 99),Computer Vision enables computers to analyze images and videos.
What is AI? (Artificial Intelligence Practice 100),Artificial Intelligence is the simulation of human intelligence in machines.
What is Machine Learning? (Artificial Intelligence Practice 100),Machine Learning is a subset of AI that learns patterns from data.
What is Deep Learning? (Artificial Intelligence Practice 100),Deep Learning uses multi-layer neural networks.
What is NLP? (Artificial Intelligence Practice 100),Natural Language Processing enables computers to understand human language.
What is Computer Vision? (Artificial Intelligence Practice 100),Computer Vision enables computers to analyze images and videos.
What is AI? (Artificial Intelligence Practice 101),Artificial Intelligence is the simulation of human intelligence in machines.
What is Machine Learning? (Artificial Intelligence Practice 101),Machine Learning is a subset of AI that learns patterns from data.
What is Deep Learning? (Artificial Intelligence Practice 101),Deep Learning uses multi-layer neural networks.
What is NLP? (Artificial Intelligence Practice 101),Natural Language Processing enables computers to understand human language.
What is Computer Vision? (Artificial Intelligence Practice 101),Computer Vision enables computers to analyze images and videos.
What is AI? (Artificial Intelligence Practice 102),Artificial Intelligence is the simulation of human intelligence in machines.
What is Machine Learning? (Artificial Intelligence Practice 102),Machine Learning is a subset of AI that learns patterns from data.
What is Deep Learning? (Artificial Intelligence Practice 102),Deep Learning uses multi-layer neural networks.
What is NLP? (Artificial Intelligence Practice 102),Natural Language Processing enables computers to understand human language.
What is Computer Vision? (Artificial Intelligence Practice 102),Computer Vision enables computers to analyze images and videos.
What is AI? (Artificial Intelligence Practice 103),Artificial Intelligence is the simulation of human intelligence in machines.
What is Machine Learning? (Artificial Intelligence Practice 103),Machine Learning is a subset of AI that learns patterns from data.
What is Deep Learning? (Artificial Intelligence Practice 103),Deep Learning uses multi-layer neural networks.
What is NLP? (Artificial Intelligence Practice 103),Natural Language Processing enables computers to understand human language.
What is Computer Vision? (Artificial Intelligence Practice 103),Computer Vision enables computers to analyze images and videos.
What is AI? (Artificial Intelligence Practice 104),Artificial Intelligence is the simulation of human intelligence in machines.
What is Machine Learning? (Artificial Intelligence Practice 104),Machine Learning is a subset of AI that learns patterns from data.
What is Deep Learning? (Artificial Intelligence Practice 104),Deep Learning uses multi-layer neural networks.
What is NLP? (Artificial Intelligence Practice 104),Natural Language Processing enables computers to understand human language.
What is Computer Vision? (Artificial Intelligence Practice 104),Computer Vision enables computers to analyze images and videos.
What is AI? (Artificial Intelligence Practice 105),Artificial Intelligence is the simulation of human intelligence in machines.
What is Machine Learning? (Artificial Intelligence Practice 105),Machine Learning is a subset of AI that learns patterns from data.
What is Deep Learning? (Artificial Intelligence Practice 105),Deep Learning uses multi-layer neural networks.
What is NLP? (Artificial Intelligence Practice 105),Natural Language Processing enables computers to understand human language.
What is Computer Vision? (Artificial Intelligence Practice 105),Computer Vision enables computers to analyze images and videos.
What is AI? (Artificial Intelligence Practice 106),Artificial Intelligence is the simulation of human intelligence in machines.
What is Machine Learning? (Artificial Intelligence Practice 106),Machine Learning is a subset of AI that learns patterns from data.
What is Deep Learning? (Artificial Intelligence Practice 106),Deep Learning uses multi-layer neural networks.
What is NLP? (Artificial Intelligence Practice 106),Natural Language Processing enables computers to understand human language.
What is Computer Vision? (Artificial Intelligence Practice 106),Computer Vision enables computers to analyze images and videos.
What is AI? (Artificial Intelligence Practice 107),Artificial Intelligence is the simulation of human intelligence in machines.
What is Machine Learning? (Artificial Intelligence Practice 107),Machine Learning is a subset of AI that learns patterns from data.
What is Deep Learning? (Artificial Intelligence Practice 107),Deep Learning uses multi-layer neural networks.
What is NLP? (Artificial Intelligence Practice 107),Natural Language Processing enables computers to understand human language.
What is Computer Vision? (Artificial Intelligence Practice 107),Computer Vision enables computers to analyze images and videos.
What is AI? (Artificial Intelligence Practice 108),Artificial Intelligence is the simulation of human intelligence in machines.
What is Machine Learning? (Artificial Intelligence Practice 108),Machine Learning is a subset of AI that learns patterns from data.
What is Deep Learning? (Artificial Intelligence Practice 108),Deep Learning uses multi-layer neural networks.
What is NLP? (Artificial Intelligence Practice 108),Natural Language Processing enables computers to understand human language.
What is Computer Vision? (Artificial Intelligence Practice 108),Computer Vision enables computers to analyze images and videos.
What is AI? (Artificial Intelligence Practice 109),Artificial Intelligence is the simulation of human intelligence in machines.
What is Machine Learning? (Artificial Intelligence Practice 109),Machine Learning is a subset of AI that learns patterns from data.
What is Deep Learning? (Artificial Intelligence Practice 109),Deep Learning uses multi-layer neural networks.
What is NLP? (Artificial Intelligence Practice 109),Natural Language Processing enables computers to understand human language.
What is Computer Vision? (Artificial Intelligence Practice 109),Computer Vision enables computers to analyze images and videos.
What is AI? (Artificial Intelligence Practice 110),Artificial Intelligence is the simulation of human intelligence in machines.
What is Machine Learning? (Artificial Intelligence Practice 110),Machine Learning is a subset of AI that learns patterns from data.
What is Deep Learning? (Artificial Intelligence Practice 110),Deep Learning uses multi-layer neural networks.
What is NLP? (Artificial Intelligence Practice 110),Natural Language Processing enables computers to understand human language.
What is Computer Vision? (Artificial Intelligence Practice 110),Computer Vision enables computers to analyze images and videos.
What is AI? (Artificial Intelligence Practice 111),Artificial Intelligence is the simulation of human intelligence in machines.
What is Machine Learning? (Artificial Intelligence Practice 111),Machine Learning is a subset of AI that learns patterns from data.
What is Deep Learning? (Artificial Intelligence Practice 111),Deep Learning uses multi-layer neural networks.
What is NLP? (Artificial Intelligence Practice 111),Natural Language Processing enables computers to understand human language.
What is Computer Vision? (Artificial Intelligence Practice 111),Computer Vision enables computers to analyze images and videos.
What is AI? (Artificial Intelligence Practice 112),Artificial Intelligence is the simulation of human intelligence in machines.
What is Machine Learning? (Artificial Intelligence Practice 112),Machine Learning is a subset of AI that learns patterns from data.
What is Deep Learning? (Artificial Intelligence Practice 112),Deep Learning uses multi-layer neural networks.
What is NLP? (Artificial Intelligence Practice 112),Natural Language Processing enables computers to understand human language.
What is Computer Vision? (Artificial Intelligence Practice 112),Computer Vision enables computers to analyze images and videos.
What is AI? (Artificial Intelligence Practice 113),Artificial Intelligence is the simulation of human intelligence in machines.
What is Machine Learning? (Artificial Intelligence Practice 113),Machine Learning is a subset of AI that learns patterns from data.
What is Deep Learning? (Artificial Intelligence Practice 113),Deep Learning uses multi-layer neural networks.
What is NLP? (Artificial Intelligence Practice 113),Natural Language Processing enables computers to understand human language.
What is Computer Vision? (Artificial Intelligence Practice 113),Computer Vision enables computers to analyze images and videos.
What is AI? (Artificial Intelligence Practice 114),Artificial Intelligence is the simulation of human intelligence in machines.
What is Machine Learning? (Artificial Intelligence Practice 114),Machine Learning is a subset of AI that learns patterns from data.
What is Deep Learning? (Artificial Intelligence Practice 114),Deep Learning uses multi-layer neural networks.
What is NLP? (Artificial Intelligence Practice 114),Natural Language Processing enables computers to understand human language.
What is Computer Vision? (Artificial Intelligence Practice 114),Computer Vision enables computers to analyze images and videos.
What is AI? (Artificial Intelligence Practice 115),Artificial Intelligence is the simulation of human intelligence in machines.
What is Machine Learning? (Artificial Intelligence Practice 115),Machine Learning is a subset of AI that learns patterns from data.
What is Deep Learning? (Artificial Intelligence Practice 115),Deep Learning uses multi-layer neural networks.
What is NLP? (Artificial Intelligence Practice 115),Natural Language Processing enables computers to understand human language.
What is Computer Vision? (Artificial Intelligence Practice 115),Computer Vision enables computers to analyze images and videos.
What is AI? (Artificial Intelligence Practice 116),Artificial Intelligence is the simulation of human intelligence in machines.
What is Machine Learning? (Artificial Intelligence Practice 116),Machine Learning is a subset of AI that learns patterns from data.
What is Deep Learning? (Artificial Intelligence Practice 116),Deep Learning uses multi-layer neural networks.
What is NLP? (Artificial Intelligence Practice 116),Natural Language Processing enables computers to understand human language.
What is Computer Vision? (Artificial Intelligence Practice 116),Computer Vision enables computers to analyze images and videos.
What is AI? (Artificial Intelligence Practice 117),Artificial Intelligence is the simulation of human intelligence in machines.
What is Machine Learning? (Artificial Intelligence Practice 117),Machine Learning is a subset of AI that learns patterns from data.
What is Deep Learning? (Artificial Intelligence Practice 117),Deep Learning uses multi-layer neural networks.
What is NLP? (Artificial Intelligence Practice 117),Natural Language Processing enables computers to understand human language.
What is Computer Vision? (Artificial Intelligence Practice 117),Computer Vision enables computers to analyze images and videos.
What is AI? (Artificial Intelligence Practice 118),Artificial Intelligence is the simulation of human intelligence in machines.
What is Machine Learning? (Artificial Intelligence Practice 118),Machine Learning is a subset of AI that learns patterns from data.
What is Deep Learning? (Artificial Intelligence Practice 118),Deep Learning uses multi-layer neural networks.
What is NLP? (Artificial Intelligence Practice 118),Natural Language Processing enables computers to understand human language.
What is Computer Vision? (Artificial Intelligence Practice 118),Computer Vision enables computers to analyze images and videos.
What is AI? (Artificial Intelligence Practice 119),Artificial Intelligence is the simulation of human intelligence in machines.
What is Machine Learning? (Artificial Intelligence Practice 119),Machine Learning is a subset of AI that learns patterns from data.
What is Deep Learning? (Artificial Intelligence Practice 119),Deep Learning uses multi-layer neural networks.
What is NLP? (Artificial Intelligence Practice 119),Natural Language Processing enables computers to understand human language.
What is Computer Vision? (Artificial Intelligence Practice 119),Computer Vision enables computers to analyze images and videos.
What is AI? (Artificial Intelligence Practice 120),Artificial Intelligence is the simulation of human intelligence in machines.
What is Machine Learning? (Artificial Intelligence Practice 120),Machine Learning is a subset of AI that learns patterns from data.
What is Deep Learning? (Artificial Intelligence Practice 120),Deep Learning uses multi-layer neural networks.
What is NLP? (Artificial Intelligence Practice 120),Natural Language Processing enables computers to understand human language.
What is Computer Vision? (Artificial Intelligence Practice 120),Computer Vision enables computers to analyze images and videos.
What is AI? (Artificial Intelligence Practice 121),Artificial Intelligence is the simulation of human intelligence in machines.
What is Machine Learning? (Artificial Intelligence Practice 121),Machine Learning is a subset of AI that learns patterns from data.
What is Deep Learning? (Artificial Intelligence Practice 121),Deep Learning uses multi-layer neural networks.
What is NLP? (Artificial Intelligence Practice 121),Natural Language Processing enables computers to understand human language.
What is Computer Vision? (Artificial Intelligence Practice 121),Computer Vision enables computers to analyze images and videos.
What is AI? (Artificial Intelligence Practice 122),Artificial Intelligence is the simulation of human intelligence in machines.
What is Machine Learning? (Artificial Intelligence Practice 122),Machine Learning is a subset of AI that learns patterns from data.
What is Deep Learning? (Artificial Intelligence Practice 122),Deep Learning uses multi-layer neural networks.
What is NLP? (Artificial Intelligence Practice 122),Natural Language Processing enables computers to understand human language.
What is Computer Vision? (Artificial Intelligence Practice 122),Computer Vision enables computers to analyze images and videos.
What is AI? (Artificial Intelligence Practice 123),Artificial Intelligence is the simulation of human intelligence in machines.
What is Machine Learning? (Artificial Intelligence Practice 123),Machine Learning is a subset of AI that learns patterns from data.
What is Deep Learning? (Artificial Intelligence Practice 123),Deep Learning uses multi-layer neural networks.
What is NLP? (Artificial Intelligence Practice 123),Natural Language Processing enables computers to understand human language.
What is Computer Vision? (Artificial Intelligence Practice 123),Computer Vision enables computers to analyze images and videos.
What is AI? (Artificial Intelligence Practice 124),Artificial Intelligence is the simulation of human intelligence in machines.
What is Machine Learning? (Artificial Intelligence Practice 124),Machine Learning is a subset of AI that learns patterns from data.
What is Deep Learning? (Artificial Intelligence Practice 124),Deep Learning uses multi-layer neural networks.
What is NLP? (Artificial Intelligence Practice 124),Natural Language Processing enables computers to understand human language.
What is Computer Vision? (Artificial Intelligence Practice 124),Computer Vision enables computers to analyze images and videos.
What is AI? (Artificial Intelligence Practice 125),Artificial Intelligence is the simulation of human intelligence in machines.
What is Machine Learning? (Artificial Intelligence Practice 125),Machine Learning is a subset of AI that learns patterns from data.
What is Deep Learning? (Artificial Intelligence Practice 125),Deep Learning uses multi-layer neural networks.
What is NLP? (Artificial Intelligence Practice 125),Natural Language Processing enables computers to understand human language.
What is Computer Vision? (Artificial Intelligence Practice 125),Computer Vision enables computers to analyze images and videos.
What is Python? (Python Practice 1),Python is a versatile programming language.
What is a variable in Python? (Python Practice 1),A variable stores data.
What is a function? (Python Practice 1),A function is a reusable block of code.
What is a list? (Python Practice 1),A list is an ordered mutable collection.
What is a dictionary? (Python Practice 1),A dictionary stores key-value pairs.
What is Python? (Python Practice 2),Python is a versatile programming language.
What is a variable in Python? (Python Practice 2),A variable stores data.
What is a function? (Python Practice 2),A function is a reusable block of code.
What is a list? (Python Practice 2),A list is an ordered mutable collection.
What is a dictionary? (Python Practice 2),A dictionary stores key-value pairs.
What is Python? (Python Practice 3),Python is a versatile programming language.
What is a variable in Python? (Python Practice 3),A variable stores data.
What is a function? (Python Practice 3),A function is a reusable block of code.
What is a list? (Python Practice 3),A list is an ordered mutable collection.
What is a dictionary? (Python Practice 3),A dictionary stores key-value pairs.
What is Python? (Python Practice 4),Python is a versatile programming language.
What is a variable in Python? (Python Practice 4),A variable stores data.
What is a function? (Python Practice 4),A function is a reusable block of code.
What is a list? (Python Practice 4),A list is an ordered mutable collection.
What is a dictionary? (Python Practice 4),A dictionary stores key-value pairs.
What is Python? (Python Practice 5),Python is a versatile programming language.
What is a variable in Python? (Python Practice 5),A variable stores data.
What is a function? (Python Practice 5),A function is a reusable block of code.
What is a list? (Python Practice 5),A list is an ordered mutable collection.
What is a dictionary? (Python Practice 5),A dictionary stores key-value pairs.
What is Python? (Python Practice 6),Python is a versatile programming language.
What is a variable in Python? (Python Practice 6),A variable stores data.
What is a function? (Python Practice 6),A function is a reusable block of code.
What is a list? (Python Practice 6),A list is an ordered mutable collection.
What is a dictionary? (Python Practice 6),A dictionary stores key-value pairs.
What is Python? (Python Practice 7),Python is a versatile programming language.
What is a variable in Python? (Python Practice 7),A variable stores data.
What is a function? (Python Practice 7),A function is a reusable block of code.
What is a list? (Python Practice 7),A list is an ordered mutable collection.
What is a dictionary? (Python Practice 7),A dictionary stores key-value pairs.
What is Python? (Python Practice 8),Python is a versatile programming language.
What is a variable in Python? (Python Practice 8),A variable stores data.
What is a function? (Python Practice 8),A function is a reusable block of code.
What is a list? (Python Practice 8),A list is an ordered mutable collection.
What is a dictionary? (Python Practice 8),A dictionary stores key-value pairs.
What is Python? (Python Practice 9),Python is a versatile programming language.
What is a variable in Python? (Python Practice 9),A variable stores data.
What is a function? (Python Practice 9),A function is a reusable block of code.
What is a list? (Python Practice 9),A list is an ordered mutable collection.
What is a dictionary? (Python Practice 9),A dictionary stores key-value pairs.
What is Python? (Python Practice 10),Python is a versatile programming language.
What is a variable in Python? (Python Practice 10),A variable stores data.
What is a function? (Python Practice 10),A function is a reusable block of code.
What is a list? (Python Practice 10),A list is an ordered mutable collection.
What is a dictionary? (Python Practice 10),A dictionary stores key-value pairs.
What is Python? (Python Practice 11),Python is a versatile programming language.
What is a variable in Python? (Python Practice 11),A variable stores data.
What is a function? (Python Practice 11),A function is a reusable block of code.
What is a list? (Python Practice 11),A list is an ordered mutable collection.
What is a dictionary? (Python Practice 11),A dictionary stores key-value pairs.
What is Python? (Python Practice 12),Python is a versatile programming language.
What is a variable in Python? (Python Practice 12),A variable stores data.
What is a function? (Python Practice 12),A function is a reusable block of code.
What is a list? (Python Practice 12),A list is an ordered mutable collection.
What is a dictionary? (Python Practice 12),A dictionary stores key-value pairs.
What is Python? (Python Practice 13),Python is a versatile programming language.
What is a variable in Python? (Python Practice 13),A variable stores data.
What is a function? (Python Practice 13),A function is a reusable block of code.
What is a list? (Python Practice 13),A list is an ordered mutable collection.
What is a dictionary? (Python Practice 13),A dictionary stores key-value pairs.
What is Python? (Python Practice 14),Python is a versatile programming language.
What is a variable in Python? (Python Practice 14),A variable stores data.
What is a function? (Python Practice 14),A function is a reusable block of code.
What is a list? (Python Practice 14),A list is an ordered mutable collection.
What is a dictionary? (Python Practice 14),A dictionary stores key-value pairs.
What is Python? (Python Practice 15),Python is a versatile programming language.
What is a variable in Python? (Python Practice 15),A variable stores data.
What is a function? (Python Practice 15),A function is a reusable block of code.
What is a list? (Python Practice 15),A list is an ordered mutable collection.
What is a dictionary? (Python Practice 15),A dictionary stores key-value pairs.
What is Python? (Python Practice 16),Python is a versatile programming language.
What is a variable in Python? (Python Practice 16),A variable stores data.
What is a function? (Python Practice 16),A function is a reusable block of code.
What is a list? (Python Practice 16),A list is an ordered mutable collection.
What is a dictionary? (Python Practice 16),A dictionary stores key-value pairs.
What is Python? (Python Practice 17),Python is a versatile programming language.
What is a variable in Python? (Python Practice 17),A variable stores data.
What is a function? (Python Practice 17),A function is a reusable block of code.
What is a list? (Python Practice 17),A list is an ordered mutable collection.
What is a dictionary? (Python Practice 17),A dictionary stores key-value pairs.
What is Python? (Python Practice 18),Python is a versatile programming language.
What is a variable in Python? (Python Practice 18),A variable stores data.
What is a function? (Python Practice 18),A function is a reusable block of code.
What is a list? (Python Practice 18),A list is an ordered mutable collection.
What is a dictionary? (Python Practice 18),A dictionary stores key-value pairs.
What is Python? (Python Practice 19),Python is a versatile programming language.
What is a variable in Python? (Python Practice 19),A variable stores data.
What is a function? (Python Practice 19),A function is a reusable block of code.
What is a list? (Python Practice 19),A list is an ordered mutable collection.
What is a dictionary? (Python Practice 19),A dictionary stores key-value pairs.
What is Python? (Python Practice 20),Python is a versatile programming language.
What is a variable in Python? (Python Practice 20),A variable stores data.
What is a function? (Python Practice 20),A function is a reusable block of code.
What is a list? (Python Practice 20),A list is an ordered mutable collection.
What is a dictionary? (Python Practice 20),A dictionary stores key-value pairs.
What is Python? (Python Practice 21),Python is a versatile programming language.
What is a variable in Python? (Python Practice 21),A variable stores data.
What is a function? (Python Practice 21),A function is a reusable block of code.
What is a list? (Python Practice 21),A list is an ordered mutable collection.
What is a dictionary? (Python Practice 21),A dictionary stores key-value pairs.
What is Python? (Python Practice 22),Python is a versatile programming language.
What is a variable in Python? (Python Practice 22),A variable stores data.
What is a function? (Python Practice 22),A function is a reusable block of code.
What is a list? (Python Practice 22),A list is an ordered mutable collection.
What is a dictionary? (Python Practice 22),A dictionary stores key-value pairs.
What is Python? (Python Practice 23),Python is a versatile programming language.
What is a variable in Python? (Python Practice 23),A variable stores data.
What is a function? (Python Practice 23),A function is a reusable block of code.
What is a list? (Python Practice 23),A list is an ordered mutable collection.
What is a dictionary? (Python Practice 23),A dictionary stores key-value pairs.
What is Python? (Python Practice 24),Python is a versatile programming language.
What is a variable in Python? (Python Practice 24),A variable stores data.
What is a function? (Python Practice 24),A function is a reusable block of code.
What is a list? (Python Practice 24),A list is an ordered mutable collection.
What is a dictionary? (Python Practice 24),A dictionary stores key-value pairs.
What is Python? (Python Practice 25),Python is a versatile programming language.
What is a variable in Python? (Python Practice 25),A variable stores data.
What is a function? (Python Practice 25),A function is a reusable block of code.
What is a list? (Python Practice 25),A list is an ordered mutable collection.
What is a dictionary? (Python Practice 25),A dictionary stores key-value pairs.
What is Python? (Python Practice 26),Python is a versatile programming language.
What is a variable in Python? (Python Practice 26),A variable stores data.
What is a function? (Python Practice 26),A function is a reusable block of code.
What is a list? (Python Practice 26),A list is an ordered mutable collection.
What is a dictionary? (Python Practice 26),A dictionary stores key-value pairs.
What is Python? (Python Practice 27),Python is a versatile programming language.
What is a variable in Python? (Python Practice 27),A variable stores data.
What is a function? (Python Practice 27),A function is a reusable block of code.
What is a list? (Python Practice 27),A list is an ordered mutable collection.
What is a dictionary? (Python Practice 27),A dictionary stores key-value pairs.
What is Python? (Python Practice 28),Python is a versatile programming language.
What is a variable in Python? (Python Practice 28),A variable stores data.
What is a function? (Python Practice 28),A function is a reusable block of code.
What is a list? (Python Practice 28),A list is an ordered mutable collection.
What is a dictionary? (Python Practice 28),A dictionary stores key-value pairs.
What is Python? (Python Practice 29),Python is a versatile programming language.
What is a variable in Python? (Python Practice 29),A variable stores data.
What is a function? (Python Practice 29),A function is a reusable block of code.
What is a list? (Python Practice 29),A list is an ordered mutable collection.
What is a dictionary? (Python Practice 29),A dictionary stores key-value pairs.
What is Python? (Python Practice 30),Python is a versatile programming language.
What is a variable in Python? (Python Practice 30),A variable stores data.
What is a function? (Python Practice 30),A function is a reusable block of code.
What is a list? (Python Practice 30),A list is an ordered mutable collection.
What is a dictionary? (Python Practice 30),A dictionary stores key-value pairs.
What is Python? (Python Practice 31),Python is a versatile programming language.
What is a variable in Python? (Python Practice 31),A variable stores data.
What is a function? (Python Practice 31),A function is a reusable block of code.
What is a list? (Python Practice 31),A list is an ordered mutable collection.
What is a dictionary? (Python Practice 31),A dictionary stores key-value pairs.
What is Python? (Python Practice 32),Python is a versatile programming language.
What is a variable in Python? (Python Practice 32),A variable stores data.
What is a function? (Python Practice 32),A function is a reusable block of code.
What is a list? (Python Practice 32),A list is an ordered mutable collection.
What is a dictionary? (Python Practice 32),A dictionary stores key-value pairs.
What is Python? (Python Practice 33),Python is a versatile programming language.
What is a variable in Python? (Python Practice 33),A variable stores data.
What is a function? (Python Practice 33),A function is a reusable block of code.
What is a list? (Python Practice 33),A list is an ordered mutable collection.
What is a dictionary? (Python Practice 33),A dictionary stores key-value pairs.
What is Python? (Python Practice 34),Python is a versatile programming language.
What is a variable in Python? (Python Practice 34),A variable stores data.
What is a function? (Python Practice 34),A function is a reusable block of code.
What is a list? (Python Practice 34),A list is an ordered mutable collection.
What is a dictionary? (Python Practice 34),A dictionary stores key-value pairs.
What is Python? (Python Practice 35),Python is a versatile programming language.
What is a variable in Python? (Python Practice 35),A variable stores data.
What is a function? (Python Practice 35),A function is a reusable block of code.
What is a list? (Python Practice 35),A list is an ordered mutable collection.
What is a dictionary? (Python Practice 35),A dictionary stores key-value pairs.
What is Python? (Python Practice 36),Python is a versatile programming language.
What is a variable in Python? (Python Practice 36),A variable stores data.
What is a function? (Python Practice 36),A function is a reusable block of code.
What is a list? (Python Practice 36),A list is an ordered mutable collection.
What is a dictionary? (Python Practice 36),A dictionary stores key-value pairs.
What is Python? (Python Practice 37),Python is a versatile programming language.
What is a variable in Python? (Python Practice 37),A variable stores data.
What is a function? (Python Practice 37),A function is a reusable block of code.
What is a list? (Python Practice 37),A list is an ordered mutable collection.
What is a dictionary? (Python Practice 37),A dictionary stores key-value pairs.
What is Python? (Python Practice 38),Python is a versatile programming language.
What is a variable in Python? (Python Practice 38),A variable stores data.
What is a function? (Python Practice 38),A function is a reusable block of code.
What is a list? (Python Practice 38),A list is an ordered mutable collection.
What is a dictionary? (Python Practice 38),A dictionary stores key-value pairs.
What is Python? (Python Practice 39),Python is a versatile programming language.
What is a variable in Python? (Python Practice 39),A variable stores data.
What is a function? (Python Practice 39),A function is a reusable block of code.
What is a list? (Python Practice 39),A list is an ordered mutable collection.
What is a dictionary? (Python Practice 39),A dictionary stores key-value pairs.
What is Python? (Python Practice 40),Python is a versatile programming language.
What is a variable in Python? (Python Practice 40),A variable stores data.
What is a function? (Python Practice 40),A function is a reusable block of code.
What is a list? (Python Practice 40),A list is an ordered mutable collection.
What is a dictionary? (Python Practice 40),A dictionary stores key-value pairs.
What is Python? (Python Practice 41),Python is a versatile programming language.
What is a variable in Python? (Python Practice 41),A variable stores data.
What is a function? (Python Practice 41),A function is a reusable block of code.
What is a list? (Python Practice 41),A list is an ordered mutable collection.
What is a dictionary? (Python Practice 41),A dictionary stores key-value pairs.
What is Python? (Python Practice 42),Python is a versatile programming language.
What is a variable in Python? (Python Practice 42),A variable stores data.
What is a function? (Python Practice 42),A function is a reusable block of code.
What is a list? (Python Practice 42),A list is an ordered mutable collection.
What is a dictionary? (Python Practice 42),A dictionary stores key-value pairs.
What is Python? (Python Practice 43),Python is a versatile programming language.
What is a variable in Python? (Python Practice 43),A variable stores data.
What is a function? (Python Practice 43),A function is a reusable block of code.
What is a list? (Python Practice 43),A list is an ordered mutable collection.
What is a dictionary? (Python Practice 43),A dictionary stores key-value pairs.
What is Python? (Python Practice 44),Python is a versatile programming language.
What is a variable in Python? (Python Practice 44),A variable stores data.
What is a function? (Python Practice 44),A function is a reusable block of code.
What is a list? (Python Practice 44),A list is an ordered mutable collection.
What is a dictionary? (Python Practice 44),A dictionary stores key-value pairs.
What is Python? (Python Practice 45),Python is a versatile programming language.
What is a variable in Python? (Python Practice 45),A variable stores data.
What is a function? (Python Practice 45),A function is a reusable block of code.
What is a list? (Python Practice 45),A list is an ordered mutable collection.
What is a dictionary? (Python Practice 45),A dictionary stores key-value pairs.
What is Python? (Python Practice 46),Python is a versatile programming language.
What is a variable in Python? (Python Practice 46),A variable stores data.
What is a function? (Python Practice 46),A function is a reusable block of code.
What is a list? (Python Practice 46),A list is an ordered mutable collection.
What is a dictionary? (Python Practice 46),A dictionary stores key-value pairs.
What is Python? (Python Practice 47),Python is a versatile programming language.
What is a variable in Python? (Python Practice 47),A variable stores data.
What is a function? (Python Practice 47),A function is a reusable block of code.
What is a list? (Python Practice 47),A list is an ordered mutable collection.
What is a dictionary? (Python Practice 47),A dictionary stores key-value pairs.
What is Python? (Python Practice 48),Python is a versatile programming language.
What is a variable in Python? (Python Practice 48),A variable stores data.
What is a function? (Python Practice 48),A function is a reusable block of code.
What is a list? (Python Practice 48),A list is an ordered mutable collection.
What is a dictionary? (Python Practice 48),A dictionary stores key-value pairs.
What is Python? (Python Practice 49),Python is a versatile programming language.
What is a variable in Python? (Python Practice 49),A variable stores data.
What is a function? (Python Practice 49),A function is a reusable block of code.
What is a list? (Python Practice 49),A list is an ordered mutable collection.
What is a dictionary? (Python Practice 49),A dictionary stores key-value pairs.
What is Python? (Python Practice 50),Python is a versatile programming language.
What is a variable in Python? (Python Practice 50),A variable stores data.
What is a function? (Python Practice 50),A function is a reusable block of code.
What is a list? (Python Practice 50),A list is an ordered mutable collection.
What is a dictionary? (Python Practice 50),A dictionary stores key-value pairs.
What is Python? (Python Practice 51),Python is a versatile programming language.
What is a variable in Python? (Python Practice 51),A variable stores data.
What is a function? (Python Practice 51),A function is a reusable block of code.
What is a list? (Python Practice 51),A list is an ordered mutable collection.
What is a dictionary? (Python Practice 51),A dictionary stores key-value pairs.
What is Python? (Python Practice 52),Python is a versatile programming language.
What is a variable in Python? (Python Practice 52),A variable stores data.
What is a function? (Python Practice 52),A function is a reusable block of code.
What is a list? (Python Practice 52),A list is an ordered mutable collection.
What is a dictionary? (Python Practice 52),A dictionary stores key-value pairs.
What is Python? (Python Practice 53),Python is a versatile programming language.
What is a variable in Python? (Python Practice 53),A variable stores data.
What is a function? (Python Practice 53),A function is a reusable block of code.
What is a list? (Python Practice 53),A list is an ordered mutable collection.
What is a dictionary? (Python Practice 53),A dictionary stores key-value pairs.
What is Python? (Python Practice 54),Python is a versatile programming language.
What is a variable in Python? (Python Practice 54),A variable stores data.
What is a function? (Python Practice 54),A function is a reusable block of code.
What is a list? (Python Practice 54),A list is an ordered mutable collection.
What is a dictionary? (Python Practice 54),A dictionary stores key-value pairs.
What is Python? (Python Practice 55),Python is a versatile programming language.
What is a variable in Python? (Python Practice 55),A variable stores data.
What is a function? (Python Practice 55),A function is a reusable block of code.
What is a list? (Python Practice 55),A list is an ordered mutable collection.
What is a dictionary? (Python Practice 55),A dictionary stores key-value pairs.
What is Python? (Python Practice 56),Python is a versatile programming language.
What is a variable in Python? (Python Practice 56),A variable stores data.
What is a function? (Python Practice 56),A function is a reusable block of code.
What is a list? (Python Practice 56),A list is an ordered mutable collection.
What is a dictionary? (Python Practice 56),A dictionary stores key-value pairs.
What is Python? (Python Practice 57),Python is a versatile programming language.
What is a variable in Python? (Python Practice 57),A variable stores data.
What is a function? (Python Practice 57),A function is a reusable block of code.
What is a list? (Python Practice 57),A list is an ordered mutable collection.
What is a dictionary? (Python Practice 57),A dictionary stores key-value pairs.
What is Python? (Python Practice 58),Python is a versatile programming language.
What is a variable in Python? (Python Practice 58),A variable stores data.
What is a function? (Python Practice 58),A function is a reusable block of code.
What is a list? (Python Practice 58),A list is an ordered mutable collection.
What is a dictionary? (Python Practice 58),A dictionary stores key-value pairs.
What is Python? (Python Practice 59),Python is a versatile programming language.
What is a variable in Python? (Python Practice 59),A variable stores data.
What is a function? (Python Practice 59),A function is a reusable block of code.
What is a list? (Python Practice 59),A list is an ordered mutable collection.
What is a dictionary? (Python Practice 59),A dictionary stores key-value pairs.
What is Python? (Python Practice 60),Python is a versatile programming language.
What is a variable in Python? (Python Practice 60),A variable stores data.
What is a function? (Python Practice 60),A function is a reusable block of code.
What is a list? (Python Practice 60),A list is an ordered mutable collection.
What is a dictionary? (Python Practice 60),A dictionary stores key-value pairs.
What is Python? (Python Practice 61),Python is a versatile programming language.
What is a variable in Python? (Python Practice 61),A variable stores data.
What is a function? (Python Practice 61),A function is a reusable block of code.
What is a list? (Python Practice 61),A list is an ordered mutable collection.
What is a dictionary? (Python Practice 61),A dictionary stores key-value pairs.
What is Python? (Python Practice 62),Python is a versatile programming language.
What is a variable in Python? (Python Practice 62),A variable stores data.
What is a function? (Python Practice 62),A function is a reusable block of code.
What is a list? (Python Practice 62),A list is an ordered mutable collection.
What is a dictionary? (Python Practice 62),A dictionary stores key-value pairs.
What is Python? (Python Practice 63),Python is a versatile programming language.
What is a variable in Python? (Python Practice 63),A variable stores data.
What is a function? (Python Practice 63),A function is a reusable block of code.
What is a list? (Python Practice 63),A list is an ordered mutable collection.
What is a dictionary? (Python Practice 63),A dictionary stores key-value pairs.
What is Python? (Python Practice 64),Python is a versatile programming language.
What is a variable in Python? (Python Practice 64),A variable stores data.
What is a function? (Python Practice 64),A function is a reusable block of code.
What is a list? (Python Practice 64),A list is an ordered mutable collection.
What is a dictionary? (Python Practice 64),A dictionary stores key-value pairs.
What is Python? (Python Practice 65),Python is a versatile programming language.
What is a variable in Python? (Python Practice 65),A variable stores data.
What is a function? (Python Practice 65),A function is a reusable block of code.
What is a list? (Python Practice 65),A list is an ordered mutable collection.
What is a dictionary? (Python Practice 65),A dictionary stores key-value pairs.
What is Python? (Python Practice 66),Python is a versatile programming language.
What is a variable in Python? (Python Practice 66),A variable stores data.
What is a function? (Python Practice 66),A function is a reusable block of code.
What is a list? (Python Practice 66),A list is an ordered mutable collection.
What is a dictionary? (Python Practice 66),A dictionary stores key-value pairs.
What is Python? (Python Practice 67),Python is a versatile programming language.
What is a variable in Python? (Python Practice 67),A variable stores data.
What is a function? (Python Practice 67),A function is a reusable block of code.
What is a list? (Python Practice 67),A list is an ordered mutable collection.
What is a dictionary? (Python Practice 67),A dictionary stores key-value pairs.
What is Python? (Python Practice 68),Python is a versatile programming language.
What is a variable in Python? (Python Practice 68),A variable stores data.
What is a function? (Python Practice 68),A function is a reusable block of code.
What is a list? (Python Practice 68),A list is an ordered mutable collection.
What is a dictionary? (Python Practice 68),A dictionary stores key-value pairs.
What is Python? (Python Practice 69),Python is a versatile programming language.
What is a variable in Python? (Python Practice 69),A variable stores data.
What is a function? (Python Practice 69),A function is a reusable block of code.
What is a list? (Python Practice 69),A list is an ordered mutable collection.
What is a dictionary? (Python Practice 69),A dictionary stores key-value pairs.
What is Python? (Python Practice 70),Python is a versatile programming language.
What is a variable in Python? (Python Practice 70),A variable stores data.
What is a function? (Python Practice 70),A function is a reusable block of code.
What is a list? (Python Practice 70),A list is an ordered mutable collection.
What is a dictionary? (Python Practice 70),A dictionary stores key-value pairs.
What is Python? (Python Practice 71),Python is a versatile programming language.
What is a variable in Python? (Python Practice 71),A variable stores data.
What is a function? (Python Practice 71),A function is a reusable block of code.
What is a list? (Python Practice 71),A list is an ordered mutable collection.
What is a dictionary? (Python Practice 71),A dictionary stores key-value pairs.
What is Python? (Python Practice 72),Python is a versatile programming language.
What is a variable in Python? (Python Practice 72),A variable stores data.
What is a function? (Python Practice 72),A function is a reusable block of code.
What is a list? (Python Practice 72),A list is an ordered mutable collection.
What is a dictionary? (Python Practice 72),A dictionary stores key-value pairs.
What is Python? (Python Practice 73),Python is a versatile programming language.
What is a variable in Python? (Python Practice 73),A variable stores data.
What is a function? (Python Practice 73),A function is a reusable block of code.
What is a list? (Python Practice 73),A list is an ordered mutable collection.
What is a dictionary? (Python Practice 73),A dictionary stores key-value pairs.
What is Python? (Python Practice 74),Python is a versatile programming language.
What is a variable in Python? (Python Practice 74),A variable stores data.
What is a function? (Python Practice 74),A function is a reusable block of code.
What is a list? (Python Practice 74),A list is an ordered mutable collection.
What is a dictionary? (Python Practice 74),A dictionary stores key-value pairs.
What is Python? (Python Practice 75),Python is a versatile programming language.
What is a variable in Python? (Python Practice 75),A variable stores data.
What is a function? (Python Practice 75),A function is a reusable block of code.
What is a list? (Python Practice 75),A list is an ordered mutable collection.
What is a dictionary? (Python Practice 75),A dictionary stores key-value pairs.
What is Python? (Python Practice 76),Python is a versatile programming language.
What is a variable in Python? (Python Practice 76),A variable stores data.
What is a function? (Python Practice 76),A function is a reusable block of code.
What is a list? (Python Practice 76),A list is an ordered mutable collection.
What is a dictionary? (Python Practice 76),A dictionary stores key-value pairs.
What is Python? (Python Practice 77),Python is a versatile programming language.
What is a variable in Python? (Python Practice 77),A variable stores data.
What is a function? (Python Practice 77),A function is a reusable block of code.
What is a list? (Python Practice 77),A list is an ordered mutable collection.
What is a dictionary? (Python Practice 77),A dictionary stores key-value pairs.
What is Python? (Python Practice 78),Python is a versatile programming language.
What is a variable in Python? (Python Practice 78),A variable stores data.
What is a function? (Python Practice 78),A function is a reusable block of code.
What is a list? (Python Practice 78),A list is an ordered mutable collection.
What is a dictionary? (Python Practice 78),A dictionary stores key-value pairs.
What is Python? (Python Practice 79),Python is a versatile programming language.
What is a variable in Python? (Python Practice 79),A variable stores data.
What is a function? (Python Practice 79),A function is a reusable block of code.
What is a list? (Python Practice 79),A list is an ordered mutable collection.
What is a dictionary? (Python Practice 79),A dictionary stores key-value pairs.
What is Python? (Python Practice 80),Python is a versatile programming language.
What is a variable in Python? (Python Practice 80),A variable stores data.
What is a function? (Python Practice 80),A function is a reusable block of code.
What is a list? (Python Practice 80),A list is an ordered mutable collection.
What is a dictionary? (Python Practice 80),A dictionary stores key-value pairs.
What is Python? (Python Practice 81),Python is a versatile programming language.
What is a variable in Python? (Python Practice 81),A variable stores data.
What is a function? (Python Practice 81),A function is a reusable block of code.
What is a list? (Python Practice 81),A list is an ordered mutable collection.
What is a dictionary? (Python Practice 81),A dictionary stores key-value pairs.
What is Python? (Python Practice 82),Python is a versatile programming language.
What is a variable in Python? (Python Practice 82),A variable stores data.
What is a function? (Python Practice 82),A function is a reusable block of code.
What is a list? (Python Practice 82),A list is an ordered mutable collection.
What is a dictionary? (Python Practice 82),A dictionary stores key-value pairs.
What is Python? (Python Practice 83),Python is a versatile programming language.
What is a variable in Python? (Python Practice 83),A variable stores data.
What is a function? (Python Practice 83),A function is a reusable block of code.
What is a list? (Python Practice 83),A list is an ordered mutable collection.
What is a dictionary? (Python Practice 83),A dictionary stores key-value pairs.
What is Python? (Python Practice 84),Python is a versatile programming language.
What is a variable in Python? (Python Practice 84),A variable stores data.
What is a function? (Python Practice 84),A function is a reusable block of code.
What is a list? (Python Practice 84),A list is an ordered mutable collection.
What is a dictionary? (Python Practice 84),A dictionary stores key-value pairs.
What is Python? (Python Practice 85),Python is a versatile programming language.
What is a variable in Python? (Python Practice 85),A variable stores data.
What is a function? (Python Practice 85),A function is a reusable block of code.
What is a list? (Python Practice 85),A list is an ordered mutable collection.
What is a dictionary? (Python Practice 85),A dictionary stores key-value pairs.
What is Python? (Python Practice 86),Python is a versatile programming language.
What is a variable in Python? (Python Practice 86),A variable stores data.
What is a function? (Python Practice 86),A function is a reusable block of code.
What is a list? (Python Practice 86),A list is an ordered mutable collection.
What is a dictionary? (Python Practice 86),A dictionary stores key-value pairs.
What is Python? (Python Practice 87),Python is a versatile programming language.
What is a variable in Python? (Python Practice 87),A variable stores data.
What is a function? (Python Practice 87),A function is a reusable block of code.
What is a list? (Python Practice 87),A list is an ordered mutable collection.
What is a dictionary? (Python Practice 87),A dictionary stores key-value pairs.
What is Python? (Python Practice 88),Python is a versatile programming language.
What is a variable in Python? (Python Practice 88),A variable stores data.
What is a function? (Python Practice 88),A function is a reusable block of code.
What is a list? (Python Practice 88),A list is an ordered mutable collection.
What is a dictionary? (Python Practice 88),A dictionary stores key-value pairs.
What is Python? (Python Practice 89),Python is a versatile programming language.
What is a variable in Python? (Python Practice 89),A variable stores data.
What is a function? (Python Practice 89),A function is a reusable block of code.
What is a list? (Python Practice 89),A list is an ordered mutable collection.
What is a dictionary? (Python Practice 89),A dictionary stores key-value pairs.
What is Python? (Python Practice 90),Python is a versatile programming language.
What is a variable in Python? (Python Practice 90),A variable stores data.
What is a function? (Python Practice 90),A function is a reusable block of code.
What is a list? (Python Practice 90),A list is an ordered mutable collection.
What is a dictionary? (Python Practice 90),A dictionary stores key-value pairs.
What is Python? (Python Practice 91),Python is a versatile programming language.
What is a variable in Python? (Python Practice 91),A variable stores data.
What is a function? (Python Practice 91),A function is a reusable block of code.
What is a list? (Python Practice 91),A list is an ordered mutable collection.
What is a dictionary? (Python Practice 91),A dictionary stores key-value pairs.
What is Python? (Python Practice 92),Python is a versatile programming language.
What is a variable in Python? (Python Practice 92),A variable stores data.
What is a function? (Python Practice 92),A function is a reusable block of code.
What is a list? (Python Practice 92),A list is an ordered mutable collection.
What is a dictionary? (Python Practice 92),A dictionary stores key-value pairs.
What is Python? (Python Practice 93),Python is a versatile programming language.
What is a variable in Python? (Python Practice 93),A variable stores data.
What is a function? (Python Practice 93),A function is a reusable block of code.
What is a list? (Python Practice 93),A list is an ordered mutable collection.
What is a dictionary? (Python Practice 93),A dictionary stores key-value pairs.
What is Python? (Python Practice 94),Python is a versatile programming language.
What is a variable in Python? (Python Practice 94),A variable stores data.
What is a function? (Python Practice 94),A function is a reusable block of code.
What is a list? (Python Practice 94),A list is an ordered mutable collection.
What is a dictionary? (Python Practice 94),A dictionary stores key-value pairs.
What is Python? (Python Practice 95),Python is a versatile programming language.
What is a variable in Python? (Python Practice 95),A variable stores data.
What is a function? (Python Practice 95),A function is a reusable block of code.
What is a list? (Python Practice 95),A list is an ordered mutable collection.
What is a dictionary? (Python Practice 95),A dictionary stores key-value pairs.
What is Python? (Python Practice 96),Python is a versatile programming language.
What is a variable in Python? (Python Practice 96),A variable stores data.
What is a function? (Python Practice 96),A function is a reusable block of code.
What is a list? (Python Practice 96),A list is an ordered mutable collection.
What is a dictionary? (Python Practice 96),A dictionary stores key-value pairs.
What is Python? (Python Practice 97),Python is a versatile programming language.
What is a variable in Python? (Python Practice 97),A variable stores data.
What is a function? (Python Practice 97),A function is a reusable block of code.
What is a list? (Python Practice 97),A list is an ordered mutable collection.
What is a dictionary? (Python Practice 97),A dictionary stores key-value pairs.
What is Python? (Python Practice 98),Python is a versatile programming language.
What is a variable in Python? (Python Practice 98),A variable stores data.
What is a function? (Python Practice 98),A function is a reusable block of code.
What is a list? (Python Practice 98),A list is an ordered mutable collection.
What is a dictionary? (Python Practice 98),A dictionary stores key-value pairs.
What is Python? (Python Practice 99),Python is a versatile programming language.
What is a variable in Python? (Python Practice 99),A variable stores data.
What is a function? (Python Practice 99),A function is a reusable block of code.
What is a list? (Python Practice 99),A list is an ordered mutable collection.
What is a dictionary? (Python Practice 99),A dictionary stores key-value pairs.
What is Python? (Python Practice 100),Python is a versatile programming language.
What is a variable in Python? (Python Practice 100),A variable stores data.
What is a function? (Python Practice 100),A function is a reusable block of code.
What is a list? (Python Practice 100),A list is an ordered mutable collection.
What is a dictionary? (Python Practice 100),A dictionary stores key-value pairs.
What is Python? (Python Practice 101),Python is a versatile programming language.
What is a variable in Python? (Python Practice 101),A variable stores data.
What is a function? (Python Practice 101),A function is a reusable block of code.
What is a list? (Python Practice 101),A list is an ordered mutable collection.
What is a dictionary? (Python Practice 101),A dictionary stores key-value pairs.
What is Python? (Python Practice 102),Python is a versatile programming language.
What is a variable in Python? (Python Practice 102),A variable stores data.
What is a function? (Python Practice 102),A function is a reusable block of code.
What is a list? (Python Practice 102),A list is an ordered mutable collection.
What is a dictionary? (Python Practice 102),A dictionary stores key-value pairs.
What is Python? (Python Practice 103),Python is a versatile programming language.
What is a variable in Python? (Python Practice 103),A variable stores data.
What is a function? (Python Practice 103),A function is a reusable block of code.
What is a list? (Python Practice 103),A list is an ordered mutable collection.
What is a dictionary? (Python Practice 103),A dictionary stores key-value pairs.
What is Python? (Python Practice 104),Python is a versatile programming language.
What is a variable in Python? (Python Practice 104),A variable stores data.
What is a function? (Python Practice 104),A function is a reusable block of code.
What is a list? (Python Practice 104),A list is an ordered mutable collection.
What is a dictionary? (Python Practice 104),A dictionary stores key-value pairs.
What is Python? (Python Practice 105),Python is a versatile programming language.
What is a variable in Python? (Python Practice 105),A variable stores data.
What is a function? (Python Practice 105),A function is a reusable block of code.
What is a list? (Python Practice 105),A list is an ordered mutable collection.
What is a dictionary? (Python Practice 105),A dictionary stores key-value pairs.
What is Python? (Python Practice 106),Python is a versatile programming language.
What is a variable in Python? (Python Practice 106),A variable stores data.
What is a function? (Python Practice 106),A function is a reusable block of code.
What is a list? (Python Practice 106),A list is an ordered mutable collection.
What is a dictionary? (Python Practice 106),A dictionary stores key-value pairs.
What is Python? (Python Practice 107),Python is a versatile programming language.
What is a variable in Python? (Python Practice 107),A variable stores data.
What is a function? (Python Practice 107),A function is a reusable block of code.
What is a list? (Python Practice 107),A list is an ordered mutable collection.
What is a dictionary? (Python Practice 107),A dictionary stores key-value pairs.
What is Python? (Python Practice 108),Python is a versatile programming language.
What is a variable in Python? (Python Practice 108),A variable stores data.
What is a function? (Python Practice 108),A function is a reusable block of code.
What is a list? (Python Practice 108),A list is an ordered mutable collection.
What is a dictionary? (Python Practice 108),A dictionary stores key-value pairs.
What is Python? (Python Practice 109),Python is a versatile programming language.
What is a variable in Python? (Python Practice 109),A variable stores data.
What is a function? (Python Practice 109),A function is a reusable block of code.
What is a list? (Python Practice 109),A list is an ordered mutable collection.
What is a dictionary? (Python Practice 109),A dictionary stores key-value pairs.
What is Python? (Python Practice 110),Python is a versatile programming language.
What is a variable in Python? (Python Practice 110),A variable stores data.
What is a function? (Python Practice 110),A function is a reusable block of code.
What is a list? (Python Practice 110),A list is an ordered mutable collection.
What is a dictionary? (Python Practice 110),A dictionary stores key-value pairs.
What is Python? (Python Practice 111),Python is a versatile programming language.
What is a variable in Python? (Python Practice 111),A variable stores data.
What is a function? (Python Practice 111),A function is a reusable block of code.
What is a list? (Python Practice 111),A list is an ordered mutable collection.
What is a dictionary? (Python Practice 111),A dictionary stores key-value pairs.
What is Python? (Python Practice 112),Python is a versatile programming language.
What is a variable in Python? (Python Practice 112),A variable stores data.
What is a function? (Python Practice 112),A function is a reusable block of code.
What is a list? (Python Practice 112),A list is an ordered mutable collection.
What is a dictionary? (Python Practice 112),A dictionary stores key-value pairs.
What is Python? (Python Practice 113),Python is a versatile programming language.
What is a variable in Python? (Python Practice 113),A variable stores data.
What is a function? (Python Practice 113),A function is a reusable block of code.
What is a list? (Python Practice 113),A list is an ordered mutable collection.
What is a dictionary? (Python Practice 113),A dictionary stores key-value pairs.
What is Python? (Python Practice 114),Python is a versatile programming language.
What is a variable in Python? (Python Practice 114),A variable stores data.
What is a function? (Python Practice 114),A function is a reusable block of code.
What is a list? (Python Practice 114),A list is an ordered mutable collection.
What is a dictionary? (Python Practice 114),A dictionary stores key-value pairs.
What is Python? (Python Practice 115),Python is a versatile programming language.
What is a variable in Python? (Python Practice 115),A variable stores data.
What is a function? (Python Practice 115),A function is a reusable block of code.
What is a list? (Python Practice 115),A list is an ordered mutable collection.
What is a dictionary? (Python Practice 115),A dictionary stores key-value pairs.
What is Python? (Python Practice 116),Python is a versatile programming language.
What is a variable in Python? (Python Practice 116),A variable stores data.
What is a function? (Python Practice 116),A function is a reusable block of code.
What is a list? (Python Practice 116),A list is an ordered mutable collection.
What is a dictionary? (Python Practice 116),A dictionary stores key-value pairs.
What is Python? (Python Practice 117),Python is a versatile programming language.
What is a variable in Python? (Python Practice 117),A variable stores data.
What is a function? (Python Practice 117),A function is a reusable block of code.
What is a list? (Python Practice 117),A list is an ordered mutable collection.
What is a dictionary? (Python Practice 117),A dictionary stores key-value pairs.
What is Python? (Python Practice 118),Python is a versatile programming language.
What is a variable in Python? (Python Practice 118),A variable stores data.
What is a function? (Python Practice 118),A function is a reusable block of code.
What is a list? (Python Practice 118),A list is an ordered mutable collection.
What is a dictionary? (Python Practice 118),A dictionary stores key-value pairs.
What is Python? (Python Practice 119),Python is a versatile programming language.
What is a variable in Python? (Python Practice 119),A variable stores data.
What is a function? (Python Practice 119),A function is a reusable block of code.
What is a list? (Python Practice 119),A list is an ordered mutable collection.
What is a dictionary? (Python Practice 119),A dictionary stores key-value pairs.
What is Python? (Python Practice 120),Python is a versatile programming language.
What is a variable in Python? (Python Practice 120),A variable stores data.
What is a function? (Python Practice 120),A function is a reusable block of code.
What is a list? (Python Practice 120),A list is an ordered mutable collection.
What is a dictionary? (Python Practice 120),A dictionary stores key-value pairs.
What is Python? (Python Practice 121),Python is a versatile programming language.
What is a variable in Python? (Python Practice 121),A variable stores data.
What is a function? (Python Practice 121),A function is a reusable block of code.
What is a list? (Python Practice 121),A list is an ordered mutable collection.
What is a dictionary? (Python Practice 121),A dictionary stores key-value pairs.
What is Python? (Python Practice 122),Python is a versatile programming language.
What is a variable in Python? (Python Practice 122),A variable stores data.
What is a function? (Python Practice 122),A function is a reusable block of code.
What is a list? (Python Practice 122),A list is an ordered mutable collection.
What is a dictionary? (Python Practice 122),A dictionary stores key-value pairs.
What is Python? (Python Practice 123),Python is a versatile programming language.
What is a variable in Python? (Python Practice 123),A variable stores data.
What is a function? (Python Practice 123),A function is a reusable block of code.
What is a list? (Python Practice 123),A list is an ordered mutable collection.
What is a dictionary? (Python Practice 123),A dictionary stores key-value pairs.
What is Python? (Python Practice 124),Python is a versatile programming language.
What is a variable in Python? (Python Practice 124),A variable stores data.
What is a function? (Python Practice 124),A function is a reusable block of code.
What is a list? (Python Practice 124),A list is an ordered mutable collection.
What is a dictionary? (Python Practice 124),A dictionary stores key-value pairs.
What is Python? (Python Practice 125),Python is a versatile programming language.
What is a variable in Python? (Python Practice 125),A variable stores data.
What is a function? (Python Practice 125),A function is a reusable block of code.
What is a list? (Python Practice 125),A list is an ordered mutable collection.
What is a dictionary? (Python Practice 125),A dictionary stores key-value pairs.
What is C? (C Programming Practice 1),C is a procedural programming language.
What is a pointer? (C Programming Practice 1),A pointer stores the memory address of another variable.
What is an array? (C Programming Practice 1),An array stores multiple values of the same type.
What is a structure? (C Programming Practice 1),A structure groups different data types together.
What is a loop? (C Programming Practice 1),A loop repeats a block of code.
What is C? (C Programming Practice 2),C is a procedural programming language.
What is a pointer? (C Programming Practice 2),A pointer stores the memory address of another variable.
What is an array? (C Programming Practice 2),An array stores multiple values of the same type.
What is a structure? (C Programming Practice 2),A structure groups different data types together.
What is a loop? (C Programming Practice 2),A loop repeats a block of code.
What is C? (C Programming Practice 3),C is a procedural programming language.
What is a pointer? (C Programming Practice 3),A pointer stores the memory address of another variable.
What is an array? (C Programming Practice 3),An array stores multiple values of the same type.
What is a structure? (C Programming Practice 3),A structure groups different data types together.
What is a loop? (C Programming Practice 3),A loop repeats a block of code.
What is C? (C Programming Practice 4),C is a procedural programming language.
What is a pointer? (C Programming Practice 4),A pointer stores the memory address of another variable.
What is an array? (C Programming Practice 4),An array stores multiple values of the same type.
What is a structure? (C Programming Practice 4),A structure groups different data types together.
What is a loop? (C Programming Practice 4),A loop repeats a block of code.
What is C? (C Programming Practice 5),C is a procedural programming language.
What is a pointer? (C Programming Practice 5),A pointer stores the memory address of another variable.
What is an array? (C Programming Practice 5),An array stores multiple values of the same type.
What is a structure? (C Programming Practice 5),A structure groups different data types together.
What is a loop? (C Programming Practice 5),A loop repeats a block of code.
What is C? (C Programming Practice 6),C is a procedural programming language.
What is a pointer? (C Programming Practice 6),A pointer stores the memory address of another variable.
What is an array? (C Programming Practice 6),An array stores multiple values of the same type.
What is a structure? (C Programming Practice 6),A structure groups different data types together.
What is a loop? (C Programming Practice 6),A loop repeats a block of code.
What is C? (C Programming Practice 7),C is a procedural programming language.
What is a pointer? (C Programming Practice 7),A pointer stores the memory address of another variable.
What is an array? (C Programming Practice 7),An array stores multiple values of the same type.
What is a structure? (C Programming Practice 7),A structure groups different data types together.
What is a loop? (C Programming Practice 7),A loop repeats a block of code.
What is C? (C Programming Practice 8),C is a procedural programming language.
What is a pointer? (C Programming Practice 8),A pointer stores the memory address of another variable.
What is an array? (C Programming Practice 8),An array stores multiple values of the same type.
What is a structure? (C Programming Practice 8),A structure groups different data types together.
What is a loop? (C Programming Practice 8),A loop repeats a block of code.
What is C? (C Programming Practice 9),C is a procedural programming language.
What is a pointer? (C Programming Practice 9),A pointer stores the memory address of another variable.
What is an array? (C Programming Practice 9),An array stores multiple values of the same type.
What is a structure? (C Programming Practice 9),A structure groups different data types together.
What is a loop? (C Programming Practice 9),A loop repeats a block of code.
What is C? (C Programming Practice 10),C is a procedural programming language.
What is a pointer? (C Programming Practice 10),A pointer stores the memory address of another variable.
What is an array? (C Programming Practice 10),An array stores multiple values of the same type.
What is a structure? (C Programming Practice 10),A structure groups different data types together.
What is a loop? (C Programming Practice 10),A loop repeats a block of code.
What is C? (C Programming Practice 11),C is a procedural programming language.
What is a pointer? (C Programming Practice 11),A pointer stores the memory address of another variable.
What is an array? (C Programming Practice 11),An array stores multiple values of the same type.
What is a structure? (C Programming Practice 11),A structure groups different data types together.
What is a loop? (C Programming Practice 11),A loop repeats a block of code.
What is C? (C Programming Practice 12),C is a procedural programming language.
What is a pointer? (C Programming Practice 12),A pointer stores the memory address of another variable.
What is an array? (C Programming Practice 12),An array stores multiple values of the same type.
What is a structure? (C Programming Practice 12),A structure groups different data types together.
What is a loop? (C Programming Practice 12),A loop repeats a block of code.
What is C? (C Programming Practice 13),C is a procedural programming language.
What is a pointer? (C Programming Practice 13),A pointer stores the memory address of another variable.
What is an array? (C Programming Practice 13),An array stores multiple values of the same type.
What is a structure? (C Programming Practice 13),A structure groups different data types together.
What is a loop? (C Programming Practice 13),A loop repeats a block of code.
What is C? (C Programming Practice 14),C is a procedural programming language.
What is a pointer? (C Programming Practice 14),A pointer stores the memory address of another variable.
What is an array? (C Programming Practice 14),An array stores multiple values of the same type.
What is a structure? (C Programming Practice 14),A structure groups different data types together.
What is a loop? (C Programming Practice 14),A loop repeats a block of code.
What is C? (C Programming Practice 15),C is a procedural programming language.
What is a pointer? (C Programming Practice 15),A pointer stores the memory address of another variable.
What is an array? (C Programming Practice 15),An array stores multiple values of the same type.
What is a structure? (C Programming Practice 15),A structure groups different data types together.
What is a loop? (C Programming Practice 15),A loop repeats a block of code.
What is C? (C Programming Practice 16),C is a procedural programming language.
What is a pointer? (C Programming Practice 16),A pointer stores the memory address of another variable.
What is an array? (C Programming Practice 16),An array stores multiple values of the same type.
What is a structure? (C Programming Practice 16),A structure groups different data types together.
What is a loop? (C Programming Practice 16),A loop repeats a block of code.
What is C? (C Programming Practice 17),C is a procedural programming language.
What is a pointer? (C Programming Practice 17),A pointer stores the memory address of another variable.
What is an array? (C Programming Practice 17),An array stores multiple values of the same type.
What is a structure? (C Programming Practice 17),A structure groups different data types together.
What is a loop? (C Programming Practice 17),A loop repeats a block of code.
What is C? (C Programming Practice 18),C is a procedural programming language.
What is a pointer? (C Programming Practice 18),A pointer stores the memory address of another variable.
What is an array? (C Programming Practice 18),An array stores multiple values of the same type.
What is a structure? (C Programming Practice 18),A structure groups different data types together.
What is a loop? (C Programming Practice 18),A loop repeats a block of code.
What is C? (C Programming Practice 19),C is a procedural programming language.
What is a pointer? (C Programming Practice 19),A pointer stores the memory address of another variable.
What is an array? (C Programming Practice 19),An array stores multiple values of the same type.
What is a structure? (C Programming Practice 19),A structure groups different data types together.
What is a loop? (C Programming Practice 19),A loop repeats a block of code.
What is C? (C Programming Practice 20),C is a procedural programming language.
What is a pointer? (C Programming Practice 20),A pointer stores the memory address of another variable.
What is an array? (C Programming Practice 20),An array stores multiple values of the same type.
What is a structure? (C Programming Practice 20),A structure groups different data types together.
What is a loop? (C Programming Practice 20),A loop repeats a block of code.
What is C? (C Programming Practice 21),C is a procedural programming language.
What is a pointer? (C Programming Practice 21),A pointer stores the memory address of another variable.
What is an array? (C Programming Practice 21),An array stores multiple values of the same type.
What is a structure? (C Programming Practice 21),A structure groups different data types together.
What is a loop? (C Programming Practice 21),A loop repeats a block of code.
What is C? (C Programming Practice 22),C is a procedural programming language.
What is a pointer? (C Programming Practice 22),A pointer stores the memory address of another variable.
What is an array? (C Programming Practice 22),An array stores multiple values of the same type.
What is a structure? (C Programming Practice 22),A structure groups different data types together.
What is a loop? (C Programming Practice 22),A loop repeats a block of code.
What is C? (C Programming Practice 23),C is a procedural programming language.
What is a pointer? (C Programming Practice 23),A pointer stores the memory address of another variable.
What is an array? (C Programming Practice 23),An array stores multiple values of the same type.
What is a structure? (C Programming Practice 23),A structure groups different data types together.
What is a loop? (C Programming Practice 23),A loop repeats a block of code.
What is C? (C Programming Practice 24),C is a procedural programming language.
What is a pointer? (C Programming Practice 24),A pointer stores the memory address of another variable.
What is an array? (C Programming Practice 24),An array stores multiple values of the same type.
What is a structure? (C Programming Practice 24),A structure groups different data types together.
What is a loop? (C Programming Practice 24),A loop repeats a block of code.
What is C? (C Programming Practice 25),C is a procedural programming language.
What is a pointer? (C Programming Practice 25),A pointer stores the memory address of another variable.
What is an array? (C Programming Practice 25),An array stores multiple values of the same type.
What is a structure? (C Programming Practice 25),A structure groups different data types together.
What is a loop? (C Programming Practice 25),A loop repeats a block of code.
What is C? (C Programming Practice 26),C is a procedural programming language.
What is a pointer? (C Programming Practice 26),A pointer stores the memory address of another variable.
What is an array? (C Programming Practice 26),An array stores multiple values of the same type.
What is a structure? (C Programming Practice 26),A structure groups different data types together.
What is a loop? (C Programming Practice 26),A loop repeats a block of code.
What is C? (C Programming Practice 27),C is a procedural programming language.
What is a pointer? (C Programming Practice 27),A pointer stores the memory address of another variable.
What is an array? (C Programming Practice 27),An array stores multiple values of the same type.
What is a structure? (C Programming Practice 27),A structure groups different data types together.
What is a loop? (C Programming Practice 27),A loop repeats a block of code.
What is C? (C Programming Practice 28),C is a procedural programming language.
What is a pointer? (C Programming Practice 28),A pointer stores the memory address of another variable.
What is an array? (C Programming Practice 28),An array stores multiple values of the same type.
What is a structure? (C Programming Practice 28),A structure groups different data types together.
What is a loop? (C Programming Practice 28),A loop repeats a block of code.
What is C? (C Programming Practice 29),C is a procedural programming language.
What is a pointer? (C Programming Practice 29),A pointer stores the memory address of another variable.
What is an array? (C Programming Practice 29),An array stores multiple values of the same type.
What is a structure? (C Programming Practice 29),A structure groups different data types together.
What is a loop? (C Programming Practice 29),A loop repeats a block of code.
What is C? (C Programming Practice 30),C is a procedural programming language.
What is a pointer? (C Programming Practice 30),A pointer stores the memory address of another variable.
What is an array? (C Programming Practice 30),An array stores multiple values of the same type.
What is a structure? (C Programming Practice 30),A structure groups different data types together.
What is a loop? (C Programming Practice 30),A loop repeats a block of code.
What is C? (C Programming Practice 31),C is a procedural programming language.
What is a pointer? (C Programming Practice 31),A pointer stores the memory address of another variable.
What is an array? (C Programming Practice 31),An array stores multiple values of the same type.
What is a structure? (C Programming Practice 31),A structure groups different data types together.
What is a loop? (C Programming Practice 31),A loop repeats a block of code.
What is C? (C Programming Practice 32),C is a procedural programming language.
What is a pointer? (C Programming Practice 32),A pointer stores the memory address of another variable.
What is an array? (C Programming Practice 32),An array stores multiple values of the same type.
What is a structure? (C Programming Practice 32),A structure groups different data types together.
What is a loop? (C Programming Practice 32),A loop repeats a block of code.
What is C? (C Programming Practice 33),C is a procedural programming language.
What is a pointer? (C Programming Practice 33),A pointer stores the memory address of another variable.
What is an array? (C Programming Practice 33),An array stores multiple values of the same type.
What is a structure? (C Programming Practice 33),A structure groups different data types together.
What is a loop? (C Programming Practice 33),A loop repeats a block of code.
What is C? (C Programming Practice 34),C is a procedural programming language.
What is a pointer? (C Programming Practice 34),A pointer stores the memory address of another variable.
What is an array? (C Programming Practice 34),An array stores multiple values of the same type.
What is a structure? (C Programming Practice 34),A structure groups different data types together.
What is a loop? (C Programming Practice 34),A loop repeats a block of code.
What is C? (C Programming Practice 35),C is a procedural programming language.
What is a pointer? (C Programming Practice 35),A pointer stores the memory address of another variable.
What is an array? (C Programming Practice 35),An array stores multiple values of the same type.
What is a structure? (C Programming Practice 35),A structure groups different data types together.
What is a loop? (C Programming Practice 35),A loop repeats a block of code.
What is C? (C Programming Practice 36),C is a procedural programming language.
What is a pointer? (C Programming Practice 36),A pointer stores the memory address of another variable.
What is an array? (C Programming Practice 36),An array stores multiple values of the same type.
What is a structure? (C Programming Practice 36),A structure groups different data types together.
What is a loop? (C Programming Practice 36),A loop repeats a block of code.
What is C? (C Programming Practice 37),C is a procedural programming language.
What is a pointer? (C Programming Practice 37),A pointer stores the memory address of another variable.
What is an array? (C Programming Practice 37),An array stores multiple values of the same type.
What is a structure? (C Programming Practice 37),A structure groups different data types together.
What is a loop? (C Programming Practice 37),A loop repeats a block of code.
What is C? (C Programming Practice 38),C is a procedural programming language.
What is a pointer? (C Programming Practice 38),A pointer stores the memory address of another variable.
What is an array? (C Programming Practice 38),An array stores multiple values of the same type.
What is a structure? (C Programming Practice 38),A structure groups different data types together.
What is a loop? (C Programming Practice 38),A loop repeats a block of code.
What is C? (C Programming Practice 39),C is a procedural programming language.
What is a pointer? (C Programming Practice 39),A pointer stores the memory address of another variable.
What is an array? (C Programming Practice 39),An array stores multiple values of the same type.
What is a structure? (C Programming Practice 39),A structure groups different data types together.
What is a loop? (C Programming Practice 39),A loop repeats a block of code.
What is C? (C Programming Practice 40),C is a procedural programming language.
What is a pointer? (C Programming Practice 40),A pointer stores the memory address of another variable.
What is an array? (C Programming Practice 40),An array stores multiple values of the same type.
What is a structure? (C Programming Practice 40),A structure groups different data types together.
What is a loop? (C Programming Practice 40),A loop repeats a block of code.
What is C? (C Programming Practice 41),C is a procedural programming language.
What is a pointer? (C Programming Practice 41),A pointer stores the memory address of another variable.
What is an array? (C Programming Practice 41),An array stores multiple values of the same type.
What is a structure? (C Programming Practice 41),A structure groups different data types together.
What is a loop? (C Programming Practice 41),A loop repeats a block of code.
What is C? (C Programming Practice 42),C is a procedural programming language.
What is a pointer? (C Programming Practice 42),A pointer stores the memory address of another variable.
What is an array? (C Programming Practice 42),An array stores multiple values of the same type.
What is a structure? (C Programming Practice 42),A structure groups different data types together.
What is a loop? (C Programming Practice 42),A loop repeats a block of code.
What is C? (C Programming Practice 43),C is a procedural programming language.
What is a pointer? (C Programming Practice 43),A pointer stores the memory address of another variable.
What is an array? (C Programming Practice 43),An array stores multiple values of the same type.
What is a structure? (C Programming Practice 43),A structure groups different data types together.
What is a loop? (C Programming Practice 43),A loop repeats a block of code.
What is C? (C Programming Practice 44),C is a procedural programming language.
What is a pointer? (C Programming Practice 44),A pointer stores the memory address of another variable.
What is an array? (C Programming Practice 44),An array stores multiple values of the same type.
What is a structure? (C Programming Practice 44),A structure groups different data types together.
What is a loop? (C Programming Practice 44),A loop repeats a block of code.
What is C? (C Programming Practice 45),C is a procedural programming language.
What is a pointer? (C Programming Practice 45),A pointer stores the memory address of another variable.
What is an array? (C Programming Practice 45),An array stores multiple values of the same type.
What is a structure? (C Programming Practice 45),A structure groups different data types together.
What is a loop? (C Programming Practice 45),A loop repeats a block of code.
What is C? (C Programming Practice 46),C is a procedural programming language.
What is a pointer? (C Programming Practice 46),A pointer stores the memory address of another variable.
What is an array? (C Programming Practice 46),An array stores multiple values of the same type.
What is a structure? (C Programming Practice 46),A structure groups different data types together.
What is a loop? (C Programming Practice 46),A loop repeats a block of code.
What is C? (C Programming Practice 47),C is a procedural programming language.
What is a pointer? (C Programming Practice 47),A pointer stores the memory address of another variable.
What is an array? (C Programming Practice 47),An array stores multiple values of the same type.
What is a structure? (C Programming Practice 47),A structure groups different data types together.
What is a loop? (C Programming Practice 47),A loop repeats a block of code.
What is C? (C Programming Practice 48),C is a procedural programming language.
What is a pointer? (C Programming Practice 48),A pointer stores the memory address of another variable.
What is an array? (C Programming Practice 48),An array stores multiple values of the same type.
What is a structure? (C Programming Practice 48),A structure groups different data types together.
What is a loop? (C Programming Practice 48),A loop repeats a block of code.
What is C? (C Programming Practice 49),C is a procedural programming language.
What is a pointer? (C Programming Practice 49),A pointer stores the memory address of another variable.
What is an array? (C Programming Practice 49),An array stores multiple values of the same type.
What is a structure? (C Programming Practice 49),A structure groups different data types together.
What is a loop? (C Programming Practice 49),A loop repeats a block of code.
What is C? (C Programming Practice 50),C is a procedural programming language.
What is a pointer? (C Programming Practice 50),A pointer stores the memory address of another variable.
What is an array? (C Programming Practice 50),An array stores multiple values of the same type.
What is a structure? (C Programming Practice 50),A structure groups different data types together.
What is a loop? (C Programming Practice 50),A loop repeats a block of code.
What is C? (C Programming Practice 51),C is a procedural programming language.
What is a pointer? (C Programming Practice 51),A pointer stores the memory address of another variable.
What is an array? (C Programming Practice 51),An array stores multiple values of the same type.
What is a structure? (C Programming Practice 51),A structure groups different data types together.
What is a loop? (C Programming Practice 51),A loop repeats a block of code.
What is C? (C Programming Practice 52),C is a procedural programming language.
What is a pointer? (C Programming Practice 52),A pointer stores the memory address of another variable.
What is an array? (C Programming Practice 52),An array stores multiple values of the same type.
What is a structure? (C Programming Practice 52),A structure groups different data types together.
What is a loop? (C Programming Practice 52),A loop repeats a block of code.
What is C? (C Programming Practice 53),C is a procedural programming language.
What is a pointer? (C Programming Practice 53),A pointer stores the memory address of another variable.
What is an array? (C Programming Practice 53),An array stores multiple values of the same type.
What is a structure? (C Programming Practice 53),A structure groups different data types together.
What is a loop? (C Programming Practice 53),A loop repeats a block of code.
What is C? (C Programming Practice 54),C is a procedural programming language.
What is a pointer? (C Programming Practice 54),A pointer stores the memory address of another variable.
What is an array? (C Programming Practice 54),An array stores multiple values of the same type.
What is a structure? (C Programming Practice 54),A structure groups different data types together.
What is a loop? (C Programming Practice 54),A loop repeats a block of code.
What is C? (C Programming Practice 55),C is a procedural programming language.
What is a pointer? (C Programming Practice 55),A pointer stores the memory address of another variable.
What is an array? (C Programming Practice 55),An array stores multiple values of the same type.
What is a structure? (C Programming Practice 55),A structure groups different data types together.
What is a loop? (C Programming Practice 55),A loop repeats a block of code.
What is C? (C Programming Practice 56),C is a procedural programming language.
What is a pointer? (C Programming Practice 56),A pointer stores the memory address of another variable.
What is an array? (C Programming Practice 56),An array stores multiple values of the same type.
What is a structure? (C Programming Practice 56),A structure groups different data types together.
What is a loop? (C Programming Practice 56),A loop repeats a block of code.
What is C? (C Programming Practice 57),C is a procedural programming language.
What is a pointer? (C Programming Practice 57),A pointer stores the memory address of another variable.
What is an array? (C Programming Practice 57),An array stores multiple values of the same type.
What is a structure? (C Programming Practice 57),A structure groups different data types together.
What is a loop? (C Programming Practice 57),A loop repeats a block of code.
What is C? (C Programming Practice 58),C is a procedural programming language.
What is a pointer? (C Programming Practice 58),A pointer stores the memory address of another variable.
What is an array? (C Programming Practice 58),An array stores multiple values of the same type.
What is a structure? (C Programming Practice 58),A structure groups different data types together.
What is a loop? (C Programming Practice 58),A loop repeats a block of code.
What is C? (C Programming Practice 59),C is a procedural programming language.
What is a pointer? (C Programming Practice 59),A pointer stores the memory address of another variable.
What is an array? (C Programming Practice 59),An array stores multiple values of the same type.
What is a structure? (C Programming Practice 59),A structure groups different data types together.
What is a loop? (C Programming Practice 59),A loop repeats a block of code.
What is C? (C Programming Practice 60),C is a procedural programming language.
What is a pointer? (C Programming Practice 60),A pointer stores the memory address of another variable.
What is an array? (C Programming Practice 60),An array stores multiple values of the same type.
What is a structure? (C Programming Practice 60),A structure groups different data types together.
What is a loop? (C Programming Practice 60),A loop repeats a block of code.
What is C? (C Programming Practice 61),C is a procedural programming language.
What is a pointer? (C Programming Practice 61),A pointer stores the memory address of another variable.
What is an array? (C Programming Practice 61),An array stores multiple values of the same type.
What is a structure? (C Programming Practice 61),A structure groups different data types together.
What is a loop? (C Programming Practice 61),A loop repeats a block of code.
What is C? (C Programming Practice 62),C is a procedural programming language.
What is a pointer? (C Programming Practice 62),A pointer stores the memory address of another variable.
What is an array? (C Programming Practice 62),An array stores multiple values of the same type.
What is a structure? (C Programming Practice 62),A structure groups different data types together.
What is a loop? (C Programming Practice 62),A loop repeats a block of code.
What is C? (C Programming Practice 63),C is a procedural programming language.
What is a pointer? (C Programming Practice 63),A pointer stores the memory address of another variable.
What is an array? (C Programming Practice 63),An array stores multiple values of the same type.
What is a structure? (C Programming Practice 63),A structure groups different data types together.
What is a loop? (C Programming Practice 63),A loop repeats a block of code.
What is C? (C Programming Practice 64),C is a procedural programming language.
What is a pointer? (C Programming Practice 64),A pointer stores the memory address of another variable.
What is an array? (C Programming Practice 64),An array stores multiple values of the same type.
What is a structure? (C Programming Practice 64),A structure groups different data types together.
What is a loop? (C Programming Practice 64),A loop repeats a block of code.
What is C? (C Programming Practice 65),C is a procedural programming language.
What is a pointer? (C Programming Practice 65),A pointer stores the memory address of another variable.
What is an array? (C Programming Practice 65),An array stores multiple values of the same type.
What is a structure? (C Programming Practice 65),A structure groups different data types together.
What is a loop? (C Programming Practice 65),A loop repeats a block of code.
What is C? (C Programming Practice 66),C is a procedural programming language.
What is a pointer? (C Programming Practice 66),A pointer stores the memory address of another variable.
What is an array? (C Programming Practice 66),An array stores multiple values of the same type.
What is a structure? (C Programming Practice 66),A structure groups different data types together.
What is a loop? (C Programming Practice 66),A loop repeats a block of code.
What is C? (C Programming Practice 67),C is a procedural programming language.
What is a pointer? (C Programming Practice 67),A pointer stores the memory address of another variable.
What is an array? (C Programming Practice 67),An array stores multiple values of the same type.
What is a structure? (C Programming Practice 67),A structure groups different data types together.
What is a loop? (C Programming Practice 67),A loop repeats a block of code.
What is C? (C Programming Practice 68),C is a procedural programming language.
What is a pointer? (C Programming Practice 68),A pointer stores the memory address of another variable.
What is an array? (C Programming Practice 68),An array stores multiple values of the same type.
What is a structure? (C Programming Practice 68),A structure groups different data types together.
What is a loop? (C Programming Practice 68),A loop repeats a block of code.
What is C? (C Programming Practice 69),C is a procedural programming language.
What is a pointer? (C Programming Practice 69),A pointer stores the memory address of another variable.
What is an array? (C Programming Practice 69),An array stores multiple values of the same type.
What is a structure? (C Programming Practice 69),A structure groups different data types together.
What is a loop? (C Programming Practice 69),A loop repeats a block of code.
What is C? (C Programming Practice 70),C is a procedural programming language.
What is a pointer? (C Programming Practice 70),A pointer stores the memory address of another variable.
What is an array? (C Programming Practice 70),An array stores multiple values of the same type.
What is a structure? (C Programming Practice 70),A structure groups different data types together.
What is a loop? (C Programming Practice 70),A loop repeats a block of code.
What is C? (C Programming Practice 71),C is a procedural programming language.
What is a pointer? (C Programming Practice 71),A pointer stores the memory address of another variable.
What is an array? (C Programming Practice 71),An array stores multiple values of the same type.
What is a structure? (C Programming Practice 71),A structure groups different data types together.
What is a loop? (C Programming Practice 71),A loop repeats a block of code.
What is C? (C Programming Practice 72),C is a procedural programming language.
What is a pointer? (C Programming Practice 72),A pointer stores the memory address of another variable.
What is an array? (C Programming Practice 72),An array stores multiple values of the same type.
What is a structure? (C Programming Practice 72),A structure groups different data types together.
What is a loop? (C Programming Practice 72),A loop repeats a block of code.
What is C? (C Programming Practice 73),C is a procedural programming language.
What is a pointer? (C Programming Practice 73),A pointer stores the memory address of another variable.
What is an array? (C Programming Practice 73),An array stores multiple values of the same type.
What is a structure? (C Programming Practice 73),A structure groups different data types together.
What is a loop? (C Programming Practice 73),A loop repeats a block of code.
What is C? (C Programming Practice 74),C is a procedural programming language.
What is a pointer? (C Programming Practice 74),A pointer stores the memory address of another variable.
What is an array? (C Programming Practice 74),An array stores multiple values of the same type.
What is a structure? (C Programming Practice 74),A structure groups different data types together.
What is a loop? (C Programming Practice 74),A loop repeats a block of code.
What is C? (C Programming Practice 75),C is a procedural programming language.
What is a pointer? (C Programming Practice 75),A pointer stores the memory address of another variable.
What is an array? (C Programming Practice 75),An array stores multiple values of the same type.
What is a structure? (C Programming Practice 75),A structure groups different data types together.
What is a loop? (C Programming Practice 75),A loop repeats a block of code.
What is C? (C Programming Practice 76),C is a procedural programming language.
What is a pointer? (C Programming Practice 76),A pointer stores the memory address of another variable.
What is an array? (C Programming Practice 76),An array stores multiple values of the same type.
What is a structure? (C Programming Practice 76),A structure groups different data types together.
What is a loop? (C Programming Practice 76),A loop repeats a block of code.
What is C? (C Programming Practice 77),C is a procedural programming language.
What is a pointer? (C Programming Practice 77),A pointer stores the memory address of another variable.
What is an array? (C Programming Practice 77),An array stores multiple values of the same type.
What is a structure? (C Programming Practice 77),A structure groups different data types together.
What is a loop? (C Programming Practice 77),A loop repeats a block of code.
What is C? (C Programming Practice 78),C is a procedural programming language.
What is a pointer? (C Programming Practice 78),A pointer stores the memory address of another variable.
What is an array? (C Programming Practice 78),An array stores multiple values of the same type.
What is a structure? (C Programming Practice 78),A structure groups different data types together.
What is a loop? (C Programming Practice 78),A loop repeats a block of code.
What is C? (C Programming Practice 79),C is a procedural programming language.
What is a pointer? (C Programming Practice 79),A pointer stores the memory address of another variable.
What is an array? (C Programming Practice 79),An array stores multiple values of the same type.
What is a structure? (C Programming Practice 79),A structure groups different data types together.
What is a loop? (C Programming Practice 79),A loop repeats a block of code.
What is C? (C Programming Practice 80),C is a procedural programming language.
What is a pointer? (C Programming Practice 80),A pointer stores the memory address of another variable.
What is an array? (C Programming Practice 80),An array stores multiple values of the same type.
What is a structure? (C Programming Practice 80),A structure groups different data types together.
What is a loop? (C Programming Practice 80),A loop repeats a block of code.
What is C? (C Programming Practice 81),C is a procedural programming language.
What is a pointer? (C Programming Practice 81),A pointer stores the memory address of another variable.
What is an array? (C Programming Practice 81),An array stores multiple values of the same type.
What is a structure? (C Programming Practice 81),A structure groups different data types together.
What is a loop? (C Programming Practice 81),A loop repeats a block of code.
What is C? (C Programming Practice 82),C is a procedural programming language.
What is a pointer? (C Programming Practice 82),A pointer stores the memory address of another variable.
What is an array? (C Programming Practice 82),An array stores multiple values of the same type.
What is a structure? (C Programming Practice 82),A structure groups different data types together.
What is a loop? (C Programming Practice 82),A loop repeats a block of code.
What is C? (C Programming Practice 83),C is a procedural programming language.
What is a pointer? (C Programming Practice 83),A pointer stores the memory address of another variable.
What is an array? (C Programming Practice 83),An array stores multiple values of the same type.
What is a structure? (C Programming Practice 83),A structure groups different data types together.
What is a loop? (C Programming Practice 83),A loop repeats a block of code.
What is C? (C Programming Practice 84),C is a procedural programming language.
What is a pointer? (C Programming Practice 84),A pointer stores the memory address of another variable.
What is an array? (C Programming Practice 84),An array stores multiple values of the same type.
What is a structure? (C Programming Practice 84),A structure groups different data types together.
What is a loop? (C Programming Practice 84),A loop repeats a block of code.
What is C? (C Programming Practice 85),C is a procedural programming language.
What is a pointer? (C Programming Practice 85),A pointer stores the memory address of another variable.
What is an array? (C Programming Practice 85),An array stores multiple values of the same type.
What is a structure? (C Programming Practice 85),A structure groups different data types together.
What is a loop? (C Programming Practice 85),A loop repeats a block of code.
What is C? (C Programming Practice 86),C is a procedural programming language.
What is a pointer? (C Programming Practice 86),A pointer stores the memory address of another variable.
What is an array? (C Programming Practice 86),An array stores multiple values of the same type.
What is a structure? (C Programming Practice 86),A structure groups different data types together.
What is a loop? (C Programming Practice 86),A loop repeats a block of code.
What is C? (C Programming Practice 87),C is a procedural programming language.
What is a pointer? (C Programming Practice 87),A pointer stores the memory address of another variable.
What is an array? (C Programming Practice 87),An array stores multiple values of the same type.
What is a structure? (C Programming Practice 87),A structure groups different data types together.
What is a loop? (C Programming Practice 87),A loop repeats a block of code.
What is C? (C Programming Practice 88),C is a procedural programming language.
What is a pointer? (C Programming Practice 88),A pointer stores the memory address of another variable.
What is an array? (C Programming Practice 88),An array stores multiple values of the same type.
What is a structure? (C Programming Practice 88),A structure groups different data types together.
What is a loop? (C Programming Practice 88),A loop repeats a block of code.
What is C? (C Programming Practice 89),C is a procedural programming language.
What is a pointer? (C Programming Practice 89),A pointer stores the memory address of another variable.
What is an array? (C Programming Practice 89),An array stores multiple values of the same type.
What is a structure? (C Programming Practice 89),A structure groups different data types together.
What is a loop? (C Programming Practice 89),A loop repeats a block of code.
What is C? (C Programming Practice 90),C is a procedural programming language.
What is a pointer? (C Programming Practice 90),A pointer stores the memory address of another variable.
What is an array? (C Programming Practice 90),An array stores multiple values of the same type.
What is a structure? (C Programming Practice 90),A structure groups different data types together.
What is a loop? (C Programming Practice 90),A loop repeats a block of code.
What is C? (C Programming Practice 91),C is a procedural programming language.
What is a pointer? (C Programming Practice 91),A pointer stores the memory address of another variable.
What is an array? (C Programming Practice 91),An array stores multiple values of the same type.
What is a structure? (C Programming Practice 91),A structure groups different data types together.
What is a loop? (C Programming Practice 91),A loop repeats a block of code.
What is C? (C Programming Practice 92),C is a procedural programming language.
What is a pointer? (C Programming Practice 92),A pointer stores the memory address of another variable.
What is an array? (C Programming Practice 92),An array stores multiple values of the same type.
What is a structure? (C Programming Practice 92),A structure groups different data types together.
What is a loop? (C Programming Practice 92),A loop repeats a block of code.
What is C? (C Programming Practice 93),C is a procedural programming language.
What is a pointer? (C Programming Practice 93),A pointer stores the memory address of another variable.
What is an array? (C Programming Practice 93),An array stores multiple values of the same type.
What is a structure? (C Programming Practice 93),A structure groups different data types together.
What is a loop? (C Programming Practice 93),A loop repeats a block of code.
What is C? (C Programming Practice 94),C is a procedural programming language.
What is a pointer? (C Programming Practice 94),A pointer stores the memory address of another variable.
What is an array? (C Programming Practice 94),An array stores multiple values of the same type.
What is a structure? (C Programming Practice 94),A structure groups different data types together.
What is a loop? (C Programming Practice 94),A loop repeats a block of code.
What is C? (C Programming Practice 95),C is a procedural programming language.
What is a pointer? (C Programming Practice 95),A pointer stores the memory address of another variable.
What is an array? (C Programming Practice 95),An array stores multiple values of the same type.
What is a structure? (C Programming Practice 95),A structure groups different data types together.
What is a loop? (C Programming Practice 95),A loop repeats a block of code.
What is C? (C Programming Practice 96),C is a procedural programming language.
What is a pointer? (C Programming Practice 96),A pointer stores the memory address of another variable.
What is an array? (C Programming Practice 96),An array stores multiple values of the same type.
What is a structure? (C Programming Practice 96),A structure groups different data types together.
What is a loop? (C Programming Practice 96),A loop repeats a block of code.
What is C? (C Programming Practice 97),C is a procedural programming language.
What is a pointer? (C Programming Practice 97),A pointer stores the memory address of another variable.
What is an array? (C Programming Practice 97),An array stores multiple values of the same type.
What is a structure? (C Programming Practice 97),A structure groups different data types together.
What is a loop? (C Programming Practice 97),A loop repeats a block of code.
What is C? (C Programming Practice 98),C is a procedural programming language.
What is a pointer? (C Programming Practice 98),A pointer stores the memory address of another variable.
What is an array? (C Programming Practice 98),An array stores multiple values of the same type.
What is a structure? (C Programming Practice 98),A structure groups different data types together.
What is a loop? (C Programming Practice 98),A loop repeats a block of code.
What is C? (C Programming Practice 99),C is a procedural programming language.
What is a pointer? (C Programming Practice 99),A pointer stores the memory address of another variable.
What is an array? (C Programming Practice 99),An array stores multiple values of the same type.
What is a structure? (C Programming Practice 99),A structure groups different data types together.
What is a loop? (C Programming Practice 99),A loop repeats a block of code.
What is C? (C Programming Practice 100),C is a procedural programming language.
What is a pointer? (C Programming Practice 100),A pointer stores the memory address of another variable.
What is an array? (C Programming Practice 100),An array stores multiple values of the same type.
What is a structure? (C Programming Practice 100),A structure groups different data types together.
What is a loop? (C Programming Practice 100),A loop repeats a block of code.
What is C? (C Programming Practice 101),C is a procedural programming language.
What is a pointer? (C Programming Practice 101),A pointer stores the memory address of another variable.
What is an array? (C Programming Practice 101),An array stores multiple values of the same type.
What is a structure? (C Programming Practice 101),A structure groups different data types together.
What is a loop? (C Programming Practice 101),A loop repeats a block of code.
What is C? (C Programming Practice 102),C is a procedural programming language.
What is a pointer? (C Programming Practice 102),A pointer stores the memory address of another variable.
What is an array? (C Programming Practice 102),An array stores multiple values of the same type.
What is a structure? (C Programming Practice 102),A structure groups different data types together.
What is a loop? (C Programming Practice 102),A loop repeats a block of code.
What is C? (C Programming Practice 103),C is a procedural programming language.
What is a pointer? (C Programming Practice 103),A pointer stores the memory address of another variable.
What is an array? (C Programming Practice 103),An array stores multiple values of the same type.
What is a structure? (C Programming Practice 103),A structure groups different data types together.
What is a loop? (C Programming Practice 103),A loop repeats a block of code.
What is C? (C Programming Practice 104),C is a procedural programming language.
What is a pointer? (C Programming Practice 104),A pointer stores the memory address of another variable.
What is an array? (C Programming Practice 104),An array stores multiple values of the same type.
What is a structure? (C Programming Practice 104),A structure groups different data types together.
What is a loop? (C Programming Practice 104),A loop repeats a block of code.
What is C? (C Programming Practice 105),C is a procedural programming language.
What is a pointer? (C Programming Practice 105),A pointer stores the memory address of another variable.
What is an array? (C Programming Practice 105),An array stores multiple values of the same type.
What is a structure? (C Programming Practice 105),A structure groups different data types together.
What is a loop? (C Programming Practice 105),A loop repeats a block of code.
What is C? (C Programming Practice 106),C is a procedural programming language.
What is a pointer? (C Programming Practice 106),A pointer stores the memory address of another variable.
What is an array? (C Programming Practice 106),An array stores multiple values of the same type.
What is a structure? (C Programming Practice 106),A structure groups different data types together.
What is a loop? (C Programming Practice 106),A loop repeats a block of code.
What is C? (C Programming Practice 107),C is a procedural programming language.
What is a pointer? (C Programming Practice 107),A pointer stores the memory address of another variable.
What is an array? (C Programming Practice 107),An array stores multiple values of the same type.
What is a structure? (C Programming Practice 107),A structure groups different data types together.
What is a loop? (C Programming Practice 107),A loop repeats a block of code.
What is C? (C Programming Practice 108),C is a procedural programming language.
What is a pointer? (C Programming Practice 108),A pointer stores the memory address of another variable.
What is an array? (C Programming Practice 108),An array stores multiple values of the same type.
What is a structure? (C Programming Practice 108),A structure groups different data types together.
What is a loop? (C Programming Practice 108),A loop repeats a block of code.
What is C? (C Programming Practice 109),C is a procedural programming language.
What is a pointer? (C Programming Practice 109),A pointer stores the memory address of another variable.
What is an array? (C Programming Practice 109),An array stores multiple values of the same type.
What is a structure? (C Programming Practice 109),A structure groups different data types together.
What is a loop? (C Programming Practice 109),A loop repeats a block of code.
What is C? (C Programming Practice 110),C is a procedural programming language.
What is a pointer? (C Programming Practice 110),A pointer stores the memory address of another variable.
What is an array? (C Programming Practice 110),An array stores multiple values of the same type.
What is a structure? (C Programming Practice 110),A structure groups different data types together.
What is a loop? (C Programming Practice 110),A loop repeats a block of code.
What is C? (C Programming Practice 111),C is a procedural programming language.
What is a pointer? (C Programming Practice 111),A pointer stores the memory address of another variable.
What is an array? (C Programming Practice 111),An array stores multiple values of the same type.
What is a structure? (C Programming Practice 111),A structure groups different data types together.
What is a loop? (C Programming Practice 111),A loop repeats a block of code.
What is C? (C Programming Practice 112),C is a procedural programming language.
What is a pointer? (C Programming Practice 112),A pointer stores the memory address of another variable.
What is an array? (C Programming Practice 112),An array stores multiple values of the same type.
What is a structure? (C Programming Practice 112),A structure groups different data types together.
What is a loop? (C Programming Practice 112),A loop repeats a block of code.
What is C? (C Programming Practice 113),C is a procedural programming language.
What is a pointer? (C Programming Practice 113),A pointer stores the memory address of another variable.
What is an array? (C Programming Practice 113),An array stores multiple values of the same type.
What is a structure? (C Programming Practice 113),A structure groups different data types together.
What is a loop? (C Programming Practice 113),A loop repeats a block of code.
What is C? (C Programming Practice 114),C is a procedural programming language.
What is a pointer? (C Programming Practice 114),A pointer stores the memory address of another variable.
What is an array? (C Programming Practice 114),An array stores multiple values of the same type.
What is a structure? (C Programming Practice 114),A structure groups different data types together.
What is a loop? (C Programming Practice 114),A loop repeats a block of code.
What is C? (C Programming Practice 115),C is a procedural programming language.
What is a pointer? (C Programming Practice 115),A pointer stores the memory address of another variable.
What is an array? (C Programming Practice 115),An array stores multiple values of the same type.
What is a structure? (C Programming Practice 115),A structure groups different data types together.
What is a loop? (C Programming Practice 115),A loop repeats a block of code.
What is C? (C Programming Practice 116),C is a procedural programming language.
What is a pointer? (C Programming Practice 116),A pointer stores the memory address of another variable.
What is an array? (C Programming Practice 116),An array stores multiple values of the same type.
What is a structure? (C Programming Practice 116),A structure groups different data types together.
What is a loop? (C Programming Practice 116),A loop repeats a block of code.
What is C? (C Programming Practice 117),C is a procedural programming language.
What is a pointer? (C Programming Practice 117),A pointer stores the memory address of another variable.
What is an array? (C Programming Practice 117),An array stores multiple values of the same type.
What is a structure? (C Programming Practice 117),A structure groups different data types together.
What is a loop? (C Programming Practice 117),A loop repeats a block of code.
What is C? (C Programming Practice 118),C is a procedural programming language.
What is a pointer? (C Programming Practice 118),A pointer stores the memory address of another variable.
What is an array? (C Programming Practice 118),An array stores multiple values of the same type.
What is a structure? (C Programming Practice 118),A structure groups different data types together.
What is a loop? (C Programming Practice 118),A loop repeats a block of code.
What is C? (C Programming Practice 119),C is a procedural programming language.
What is a pointer? (C Programming Practice 119),A pointer stores the memory address of another variable.
What is an array? (C Programming Practice 119),An array stores multiple values of the same type.
What is a structure? (C Programming Practice 119),A structure groups different data types together.
What is a loop? (C Programming Practice 119),A loop repeats a block of code.
What is C? (C Programming Practice 120),C is a procedural programming language.
What is a pointer? (C Programming Practice 120),A pointer stores the memory address of another variable.
What is an array? (C Programming Practice 120),An array stores multiple values of the same type.
What is a structure? (C Programming Practice 120),A structure groups different data types together.
What is a loop? (C Programming Practice 120),A loop repeats a block of code.
What is C? (C Programming Practice 121),C is a procedural programming language.
What is a pointer? (C Programming Practice 121),A pointer stores the memory address of another variable.
What is an array? (C Programming Practice 121),An array stores multiple values of the same type.
What is a structure? (C Programming Practice 121),A structure groups different data types together.
What is a loop? (C Programming Practice 121),A loop repeats a block of code.
What is C? (C Programming Practice 122),C is a procedural programming language.
What is a pointer? (C Programming Practice 122),A pointer stores the memory address of another variable.
What is an array? (C Programming Practice 122),An array stores multiple values of the same type.
What is a structure? (C Programming Practice 122),A structure groups different data types together.
What is a loop? (C Programming Practice 122),A loop repeats a block of code.
What is C? (C Programming Practice 123),C is a procedural programming language.
What is a pointer? (C Programming Practice 123),A pointer stores the memory address of another variable.
What is an array? (C Programming Practice 123),An array stores multiple values of the same type.
What is a structure? (C Programming Practice 123),A structure groups different data types together.
What is a loop? (C Programming Practice 123),A loop repeats a block of code.
What is C? (C Programming Practice 124),C is a procedural programming language.
What is a pointer? (C Programming Practice 124),A pointer stores the memory address of another variable.
What is an array? (C Programming Practice 124),An array stores multiple values of the same type.
What is a structure? (C Programming Practice 124),A structure groups different data types together.
What is a loop? (C Programming Practice 124),A loop repeats a block of code.
What is C? (C Programming Practice 125),C is a procedural programming language.
What is a pointer? (C Programming Practice 125),A pointer stores the memory address of another variable.
What is an array? (C Programming Practice 125),An array stores multiple values of the same type.
What is a structure? (C Programming Practice 125),A structure groups different data types together.
What is a loop? (C Programming Practice 125),A loop repeats a block of code.
What is HTML? (Web Development Practice 1),HTML structures web pages.
What is CSS? (Web Development Practice 1),CSS styles web pages.
What is JavaScript? (Web Development Practice 1),JavaScript adds interactivity to web pages.
What is Streamlit? (Web Development Practice 1),Streamlit builds web apps using Python.
What is Git? (Web Development Practice 1),Git is a version control system.
What is HTML? (Web Development Practice 2),HTML structures web pages.
What is CSS? (Web Development Practice 2),CSS styles web pages.
What is JavaScript? (Web Development Practice 2),JavaScript adds interactivity to web pages.
What is Streamlit? (Web Development Practice 2),Streamlit builds web apps using Python.
What is Git? (Web Development Practice 2),Git is a version control system.
What is HTML? (Web Development Practice 3),HTML structures web pages.
What is CSS? (Web Development Practice 3),CSS styles web pages.
What is JavaScript? (Web Development Practice 3),JavaScript adds interactivity to web pages.
What is Streamlit? (Web Development Practice 3),Streamlit builds web apps using Python.
What is Git? (Web Development Practice 3),Git is a version control system.
What is HTML? (Web Development Practice 4),HTML structures web pages.
What is CSS? (Web Development Practice 4),CSS styles web pages.
What is JavaScript? (Web Development Practice 4),JavaScript adds interactivity to web pages.
What is Streamlit? (Web Development Practice 4),Streamlit builds web apps using Python.
What is Git? (Web Development Practice 4),Git is a version control system.
What is HTML? (Web Development Practice 5),HTML structures web pages.
What is CSS? (Web Development Practice 5),CSS styles web pages.
What is JavaScript? (Web Development Practice 5),JavaScript adds interactivity to web pages.
What is Streamlit? (Web Development Practice 5),Streamlit builds web apps using Python.
What is Git? (Web Development Practice 5),Git is a version control system.
What is HTML? (Web Development Practice 6),HTML structures web pages.
What is CSS? (Web Development Practice 6),CSS styles web pages.
What is JavaScript? (Web Development Practice 6),JavaScript adds interactivity to web pages.
What is Streamlit? (Web Development Practice 6),Streamlit builds web apps using Python.
What is Git? (Web Development Practice 6),Git is a version control system.
What is HTML? (Web Development Practice 7),HTML structures web pages.
What is CSS? (Web Development Practice 7),CSS styles web pages.
What is JavaScript? (Web Development Practice 7),JavaScript adds interactivity to web pages.
What is Streamlit? (Web Development Practice 7),Streamlit builds web apps using Python.
What is Git? (Web Development Practice 7),Git is a version control system.
What is HTML? (Web Development Practice 8),HTML structures web pages.
What is CSS? (Web Development Practice 8),CSS styles web pages.
What is JavaScript? (Web Development Practice 8),JavaScript adds interactivity to web pages.
What is Streamlit? (Web Development Practice 8),Streamlit builds web apps using Python.
What is Git? (Web Development Practice 8),Git is a version control system.
What is HTML? (Web Development Practice 9),HTML structures web pages.
What is CSS? (Web Development Practice 9),CSS styles web pages.
What is JavaScript? (Web Development Practice 9),JavaScript adds interactivity to web pages.
What is Streamlit? (Web Development Practice 9),Streamlit builds web apps using Python.
What is Git? (Web Development Practice 9),Git is a version control system.
What is HTML? (Web Development Practice 10),HTML structures web pages.
What is CSS? (Web Development Practice 10),CSS styles web pages.
What is JavaScript? (Web Development Practice 10),JavaScript adds interactivity to web pages.
What is Streamlit? (Web Development Practice 10),Streamlit builds web apps using Python.
What is Git? (Web Development Practice 10),Git is a version control system.
What is HTML? (Web Development Practice 11),HTML structures web pages.
What is CSS? (Web Development Practice 11),CSS styles web pages.
What is JavaScript? (Web Development Practice 11),JavaScript adds interactivity to web pages.
What is Streamlit? (Web Development Practice 11),Streamlit builds web apps using Python.
What is Git? (Web Development Practice 11),Git is a version control system.
What is HTML? (Web Development Practice 12),HTML structures web pages.
What is CSS? (Web Development Practice 12),CSS styles web pages.
What is JavaScript? (Web Development Practice 12),JavaScript adds interactivity to web pages.
What is Streamlit? (Web Development Practice 12),Streamlit builds web apps using Python.
What is Git? (Web Development Practice 12),Git is a version control system.
What is HTML? (Web Development Practice 13),HTML structures web pages.
What is CSS? (Web Development Practice 13),CSS styles web pages.
What is JavaScript? (Web Development Practice 13),JavaScript adds interactivity to web pages.
What is Streamlit? (Web Development Practice 13),Streamlit builds web apps using Python.
What is Git? (Web Development Practice 13),Git is a version control system.
What is HTML? (Web Development Practice 14),HTML structures web pages.
What is CSS? (Web Development Practice 14),CSS styles web pages.
What is JavaScript? (Web Development Practice 14),JavaScript adds interactivity to web pages.
What is Streamlit? (Web Development Practice 14),Streamlit builds web apps using Python.
What is Git? (Web Development Practice 14),Git is a version control system.
What is HTML? (Web Development Practice 15),HTML structures web pages.
What is CSS? (Web Development Practice 15),CSS styles web pages.
What is JavaScript? (Web Development Practice 15),JavaScript adds interactivity to web pages.
What is Streamlit? (Web Development Practice 15),Streamlit builds web apps using Python.
What is Git? (Web Development Practice 15),Git is a version control system.
What is HTML? (Web Development Practice 16),HTML structures web pages.
What is CSS? (Web Development Practice 16),CSS styles web pages.
What is JavaScript? (Web Development Practice 16),JavaScript adds interactivity to web pages.
What is Streamlit? (Web Development Practice 16),Streamlit builds web apps using Python.
What is Git? (Web Development Practice 16),Git is a version control system.
What is HTML? (Web Development Practice 17),HTML structures web pages.
What is CSS? (Web Development Practice 17),CSS styles web pages.
What is JavaScript? (Web Development Practice 17),JavaScript adds interactivity to web pages.
What is Streamlit? (Web Development Practice 17),Streamlit builds web apps using Python.
What is Git? (Web Development Practice 17),Git is a version control system.
What is HTML? (Web Development Practice 18),HTML structures web pages.
What is CSS? (Web Development Practice 18),CSS styles web pages.
What is JavaScript? (Web Development Practice 18),JavaScript adds interactivity to web pages.
What is Streamlit? (Web Development Practice 18),Streamlit builds web apps using Python.
What is Git? (Web Development Practice 18),Git is a version control system.
What is HTML? (Web Development Practice 19),HTML structures web pages.
What is CSS? (Web Development Practice 19),CSS styles web pages.
What is JavaScript? (Web Development Practice 19),JavaScript adds interactivity to web pages.
What is Streamlit? (Web Development Practice 19),Streamlit builds web apps using Python.
What is Git? (Web Development Practice 19),Git is a version control system.
What is HTML? (Web Development Practice 20),HTML structures web pages.
What is CSS? (Web Development Practice 20),CSS styles web pages.
What is JavaScript? (Web Development Practice 20),JavaScript adds interactivity to web pages.
What is Streamlit? (Web Development Practice 20),Streamlit builds web apps using Python.
What is Git? (Web Development Practice 20),Git is a version control system.
What is HTML? (Web Development Practice 21),HTML structures web pages.
What is CSS? (Web Development Practice 21),CSS styles web pages.
What is JavaScript? (Web Development Practice 21),JavaScript adds interactivity to web pages.
What is Streamlit? (Web Development Practice 21),Streamlit builds web apps using Python.
What is Git? (Web Development Practice 21),Git is a version control system.
What is HTML? (Web Development Practice 22),HTML structures web pages.
What is CSS? (Web Development Practice 22),CSS styles web pages.
What is JavaScript? (Web Development Practice 22),JavaScript adds interactivity to web pages.
What is Streamlit? (Web Development Practice 22),Streamlit builds web apps using Python.
What is Git? (Web Development Practice 22),Git is a version control system.
What is HTML? (Web Development Practice 23),HTML structures web pages.
What is CSS? (Web Development Practice 23),CSS styles web pages.
What is JavaScript? (Web Development Practice 23),JavaScript adds interactivity to web pages.
What is Streamlit? (Web Development Practice 23),Streamlit builds web apps using Python.
What is Git? (Web Development Practice 23),Git is a version control system.
What is HTML? (Web Development Practice 24),HTML structures web pages.
What is CSS? (Web Development Practice 24),CSS styles web pages.
What is JavaScript? (Web Development Practice 24),JavaScript adds interactivity to web pages.
What is Streamlit? (Web Development Practice 24),Streamlit builds web apps using Python.
What is Git? (Web Development Practice 24),Git is a version control system.
What is HTML? (Web Development Practice 25),HTML structures web pages.
What is CSS? (Web Development Practice 25),CSS styles web pages.
What is JavaScript? (Web Development Practice 25),JavaScript adds interactivity to web pages.
What is Streamlit? (Web Development Practice 25),Streamlit builds web apps using Python.
What is Git? (Web Development Practice 25),Git is a version control system.
What is HTML? (Web Development Practice 26),HTML structures web pages.
What is CSS? (Web Development Practice 26),CSS styles web pages.
What is JavaScript? (Web Development Practice 26),JavaScript adds interactivity to web pages.
What is Streamlit? (Web Development Practice 26),Streamlit builds web apps using Python.
What is Git? (Web Development Practice 26),Git is a version control system.
What is HTML? (Web Development Practice 27),HTML structures web pages.
What is CSS? (Web Development Practice 27),CSS styles web pages.
What is JavaScript? (Web Development Practice 27),JavaScript adds interactivity to web pages.
What is Streamlit? (Web Development Practice 27),Streamlit builds web apps using Python.
What is Git? (Web Development Practice 27),Git is a version control system.
What is HTML? (Web Development Practice 28),HTML structures web pages.
What is CSS? (Web Development Practice 28),CSS styles web pages.
What is JavaScript? (Web Development Practice 28),JavaScript adds interactivity to web pages.
What is Streamlit? (Web Development Practice 28),Streamlit builds web apps using Python.
What is Git? (Web Development Practice 28),Git is a version control system.
What is HTML? (Web Development Practice 29),HTML structures web pages.
What is CSS? (Web Development Practice 29),CSS styles web pages.
What is JavaScript? (Web Development Practice 29),JavaScript adds interactivity to web pages.
What is Streamlit? (Web Development Practice 29),Streamlit builds web apps using Python.
What is Git? (Web Development Practice 29),Git is a version control system.
What is HTML? (Web Development Practice 30),HTML structures web pages.
What is CSS? (Web Development Practice 30),CSS styles web pages.
What is JavaScript? (Web Development Practice 30),JavaScript adds interactivity to web pages.
What is Streamlit? (Web Development Practice 30),Streamlit builds web apps using Python.
What is Git? (Web Development Practice 30),Git is a version control system.
What is HTML? (Web Development Practice 31),HTML structures web pages.
What is CSS? (Web Development Practice 31),CSS styles web pages.
What is JavaScript? (Web Development Practice 31),JavaScript adds interactivity to web pages.
What is Streamlit? (Web Development Practice 31),Streamlit builds web apps using Python.
What is Git? (Web Development Practice 31),Git is a version control system.
What is HTML? (Web Development Practice 32),HTML structures web pages.
What is CSS? (Web Development Practice 32),CSS styles web pages.
What is JavaScript? (Web Development Practice 32),JavaScript adds interactivity to web pages.
What is Streamlit? (Web Development Practice 32),Streamlit builds web apps using Python.
What is Git? (Web Development Practice 32),Git is a version control system.
What is HTML? (Web Development Practice 33),HTML structures web pages.
What is CSS? (Web Development Practice 33),CSS styles web pages.
What is JavaScript? (Web Development Practice 33),JavaScript adds interactivity to web pages.
What is Streamlit? (Web Development Practice 33),Streamlit builds web apps using Python.
What is Git? (Web Development Practice 33),Git is a version control system.
What is HTML? (Web Development Practice 34),HTML structures web pages.
What is CSS? (Web Development Practice 34),CSS styles web pages.
What is JavaScript? (Web Development Practice 34),JavaScript adds interactivity to web pages.
What is Streamlit? (Web Development Practice 34),Streamlit builds web apps using Python.
What is Git? (Web Development Practice 34),Git is a version control system.
What is HTML? (Web Development Practice 35),HTML structures web pages.
What is CSS? (Web Development Practice 35),CSS styles web pages.
What is JavaScript? (Web Development Practice 35),JavaScript adds interactivity to web pages.
What is Streamlit? (Web Development Practice 35),Streamlit builds web apps using Python.
What is Git? (Web Development Practice 35),Git is a version control system.
What is HTML? (Web Development Practice 36),HTML structures web pages.
What is CSS? (Web Development Practice 36),CSS styles web pages.
What is JavaScript? (Web Development Practice 36),JavaScript adds interactivity to web pages.
What is Streamlit? (Web Development Practice 36),Streamlit builds web apps using Python.
What is Git? (Web Development Practice 36),Git is a version control system.
What is HTML? (Web Development Practice 37),HTML structures web pages.
What is CSS? (Web Development Practice 37),CSS styles web pages.
What is JavaScript? (Web Development Practice 37),JavaScript adds interactivity to web pages.
What is Streamlit? (Web Development Practice 37),Streamlit builds web apps using Python.
What is Git? (Web Development Practice 37),Git is a version control system.
What is HTML? (Web Development Practice 38),HTML structures web pages.
What is CSS? (Web Development Practice 38),CSS styles web pages.
What is JavaScript? (Web Development Practice 38),JavaScript adds interactivity to web pages.
What is Streamlit? (Web Development Practice 38),Streamlit builds web apps using Python.
What is Git? (Web Development Practice 38),Git is a version control system.
What is HTML? (Web Development Practice 39),HTML structures web pages.
What is CSS? (Web Development Practice 39),CSS styles web pages.
What is JavaScript? (Web Development Practice 39),JavaScript adds interactivity to web pages.
What is Streamlit? (Web Development Practice 39),Streamlit builds web apps using Python.
What is Git? (Web Development Practice 39),Git is a version control system.
What is HTML? (Web Development Practice 40),HTML structures web pages.
What is CSS? (Web Development Practice 40),CSS styles web pages.
What is JavaScript? (Web Development Practice 40),JavaScript adds interactivity to web pages.
What is Streamlit? (Web Development Practice 40),Streamlit builds web apps using Python.
What is Git? (Web Development Practice 40),Git is a version control system.
What is HTML? (Web Development Practice 41),HTML structures web pages.
What is CSS? (Web Development Practice 41),CSS styles web pages.
What is JavaScript? (Web Development Practice 41),JavaScript adds interactivity to web pages.
What is Streamlit? (Web Development Practice 41),Streamlit builds web apps using Python.
What is Git? (Web Development Practice 41),Git is a version control system.
What is HTML? (Web Development Practice 42),HTML structures web pages.
What is CSS? (Web Development Practice 42),CSS styles web pages.
What is JavaScript? (Web Development Practice 42),JavaScript adds interactivity to web pages.
What is Streamlit? (Web Development Practice 42),Streamlit builds web apps using Python.
What is Git? (Web Development Practice 42),Git is a version control system.
What is HTML? (Web Development Practice 43),HTML structures web pages.
What is CSS? (Web Development Practice 43),CSS styles web pages.
What is JavaScript? (Web Development Practice 43),JavaScript adds interactivity to web pages.
What is Streamlit? (Web Development Practice 43),Streamlit builds web apps using Python.
What is Git? (Web Development Practice 43),Git is a version control system.
What is HTML? (Web Development Practice 44),HTML structures web pages.
What is CSS? (Web Development Practice 44),CSS styles web pages.
What is JavaScript? (Web Development Practice 44),JavaScript adds interactivity to web pages.
What is Streamlit? (Web Development Practice 44),Streamlit builds web apps using Python.
What is Git? (Web Development Practice 44),Git is a version control system.
What is HTML? (Web Development Practice 45),HTML structures web pages.
What is CSS? (Web Development Practice 45),CSS styles web pages.
What is JavaScript? (Web Development Practice 45),JavaScript adds interactivity to web pages.
What is Streamlit? (Web Development Practice 45),Streamlit builds web apps using Python.
What is Git? (Web Development Practice 45),Git is a version control system.
What is HTML? (Web Development Practice 46),HTML structures web pages.
What is CSS? (Web Development Practice 46),CSS styles web pages.
What is JavaScript? (Web Development Practice 46),JavaScript adds interactivity to web pages.
What is Streamlit? (Web Development Practice 46),Streamlit builds web apps using Python.
What is Git? (Web Development Practice 46),Git is a version control system.
What is HTML? (Web Development Practice 47),HTML structures web pages.
What is CSS? (Web Development Practice 47),CSS styles web pages.
What is JavaScript? (Web Development Practice 47),JavaScript adds interactivity to web pages.
What is Streamlit? (Web Development Practice 47),Streamlit builds web apps using Python.
What is Git? (Web Development Practice 47),Git is a version control system.
What is HTML? (Web Development Practice 48),HTML structures web pages.
What is CSS? (Web Development Practice 48),CSS styles web pages.
What is JavaScript? (Web Development Practice 48),JavaScript adds interactivity to web pages.
What is Streamlit? (Web Development Practice 48),Streamlit builds web apps using Python.
What is Git? (Web Development Practice 48),Git is a version control system.
What is HTML? (Web Development Practice 49),HTML structures web pages.
What is CSS? (Web Development Practice 49),CSS styles web pages.
What is JavaScript? (Web Development Practice 49),JavaScript adds interactivity to web pages.
What is Streamlit? (Web Development Practice 49),Streamlit builds web apps using Python.
What is Git? (Web Development Practice 49),Git is a version control system.
What is HTML? (Web Development Practice 50),HTML structures web pages.
What is CSS? (Web Development Practice 50),CSS styles web pages.
What is JavaScript? (Web Development Practice 50),JavaScript adds interactivity to web pages.
What is Streamlit? (Web Development Practice 50),Streamlit builds web apps using Python.
What is Git? (Web Development Practice 50),Git is a version control system.
What is HTML? (Web Development Practice 51),HTML structures web pages.
What is CSS? (Web Development Practice 51),CSS styles web pages.
What is JavaScript? (Web Development Practice 51),JavaScript adds interactivity to web pages.
What is Streamlit? (Web Development Practice 51),Streamlit builds web apps using Python.
What is Git? (Web Development Practice 51),Git is a version control system.
What is HTML? (Web Development Practice 52),HTML structures web pages.
What is CSS? (Web Development Practice 52),CSS styles web pages.
What is JavaScript? (Web Development Practice 52),JavaScript adds interactivity to web pages.
What is Streamlit? (Web Development Practice 52),Streamlit builds web apps using Python.
What is Git? (Web Development Practice 52),Git is a version control system.
What is HTML? (Web Development Practice 53),HTML structures web pages.
What is CSS? (Web Development Practice 53),CSS styles web pages.
What is JavaScript? (Web Development Practice 53),JavaScript adds interactivity to web pages.
What is Streamlit? (Web Development Practice 53),Streamlit builds web apps using Python.
What is Git? (Web Development Practice 53),Git is a version control system.
What is HTML? (Web Development Practice 54),HTML structures web pages.
What is CSS? (Web Development Practice 54),CSS styles web pages.
What is JavaScript? (Web Development Practice 54),JavaScript adds interactivity to web pages.
What is Streamlit? (Web Development Practice 54),Streamlit builds web apps using Python.
What is Git? (Web Development Practice 54),Git is a version control system.
What is HTML? (Web Development Practice 55),HTML structures web pages.
What is CSS? (Web Development Practice 55),CSS styles web pages.
What is JavaScript? (Web Development Practice 55),JavaScript adds interactivity to web pages.
What is Streamlit? (Web Development Practice 55),Streamlit builds web apps using Python.
What is Git? (Web Development Practice 55),Git is a version control system.
What is HTML? (Web Development Practice 56),HTML structures web pages.
What is CSS? (Web Development Practice 56),CSS styles web pages.
What is JavaScript? (Web Development Practice 56),JavaScript adds interactivity to web pages.
What is Streamlit? (Web Development Practice 56),Streamlit builds web apps using Python.
What is Git? (Web Development Practice 56),Git is a version control system.
What is HTML? (Web Development Practice 57),HTML structures web pages.
What is CSS? (Web Development Practice 57),CSS styles web pages.
What is JavaScript? (Web Development Practice 57),JavaScript adds interactivity to web pages.
What is Streamlit? (Web Development Practice 57),Streamlit builds web apps using Python.
What is Git? (Web Development Practice 57),Git is a version control system.
What is HTML? (Web Development Practice 58),HTML structures web pages.
What is CSS? (Web Development Practice 58),CSS styles web pages.
What is JavaScript? (Web Development Practice 58),JavaScript adds interactivity to web pages.
What is Streamlit? (Web Development Practice 58),Streamlit builds web apps using Python.
What is Git? (Web Development Practice 58),Git is a version control system.
What is HTML? (Web Development Practice 59),HTML structures web pages.
What is CSS? (Web Development Practice 59),CSS styles web pages.
What is JavaScript? (Web Development Practice 59),JavaScript adds interactivity to web pages.
What is Streamlit? (Web Development Practice 59),Streamlit builds web apps using Python.
What is Git? (Web Development Practice 59),Git is a version control system.
What is HTML? (Web Development Practice 60),HTML structures web pages.
What is CSS? (Web Development Practice 60),CSS styles web pages.
What is JavaScript? (Web Development Practice 60),JavaScript adds interactivity to web pages.
What is Streamlit? (Web Development Practice 60),Streamlit builds web apps using Python.
What is Git? (Web Development Practice 60),Git is a version control system.
What is HTML? (Web Development Practice 61),HTML structures web pages.
What is CSS? (Web Development Practice 61),CSS styles web pages.
What is JavaScript? (Web Development Practice 61),JavaScript adds interactivity to web pages.
What is Streamlit? (Web Development Practice 61),Streamlit builds web apps using Python.
What is Git? (Web Development Practice 61),Git is a version control system.
What is HTML? (Web Development Practice 62),HTML structures web pages.
What is CSS? (Web Development Practice 62),CSS styles web pages.
What is JavaScript? (Web Development Practice 62),JavaScript adds interactivity to web pages.
What is Streamlit? (Web Development Practice 62),Streamlit builds web apps using Python.
What is Git? (Web Development Practice 62),Git is a version control system.
What is HTML? (Web Development Practice 63),HTML structures web pages.
What is CSS? (Web Development Practice 63),CSS styles web pages.
What is JavaScript? (Web Development Practice 63),JavaScript adds interactivity to web pages.
What is Streamlit? (Web Development Practice 63),Streamlit builds web apps using Python.
What is Git? (Web Development Practice 63),Git is a version control system.
What is HTML? (Web Development Practice 64),HTML structures web pages.
What is CSS? (Web Development Practice 64),CSS styles web pages.
What is JavaScript? (Web Development Practice 64),JavaScript adds interactivity to web pages.
What is Streamlit? (Web Development Practice 64),Streamlit builds web apps using Python.
What is Git? (Web Development Practice 64),Git is a version control system.
What is HTML? (Web Development Practice 65),HTML structures web pages.
What is CSS? (Web Development Practice 65),CSS styles web pages.
What is JavaScript? (Web Development Practice 65),JavaScript adds interactivity to web pages.
What is Streamlit? (Web Development Practice 65),Streamlit builds web apps using Python.
What is Git? (Web Development Practice 65),Git is a version control system.
What is HTML? (Web Development Practice 66),HTML structures web pages.
What is CSS? (Web Development Practice 66),CSS styles web pages.
What is JavaScript? (Web Development Practice 66),JavaScript adds interactivity to web pages.
What is Streamlit? (Web Development Practice 66),Streamlit builds web apps using Python.
What is Git? (Web Development Practice 66),Git is a version control system.
What is HTML? (Web Development Practice 67),HTML structures web pages.
What is CSS? (Web Development Practice 67),CSS styles web pages.
What is JavaScript? (Web Development Practice 67),JavaScript adds interactivity to web pages.
What is Streamlit? (Web Development Practice 67),Streamlit builds web apps using Python.
What is Git? (Web Development Practice 67),Git is a version control system.
What is HTML? (Web Development Practice 68),HTML structures web pages.
What is CSS? (Web Development Practice 68),CSS styles web pages.
What is JavaScript? (Web Development Practice 68),JavaScript adds interactivity to web pages.
What is Streamlit? (Web Development Practice 68),Streamlit builds web apps using Python.
What is Git? (Web Development Practice 68),Git is a version control system.
What is HTML? (Web Development Practice 69),HTML structures web pages.
What is CSS? (Web Development Practice 69),CSS styles web pages.
What is JavaScript? (Web Development Practice 69),JavaScript adds interactivity to web pages.
What is Streamlit? (Web Development Practice 69),Streamlit builds web apps using Python.
What is Git? (Web Development Practice 69),Git is a version control system.
What is HTML? (Web Development Practice 70),HTML structures web pages.
What is CSS? (Web Development Practice 70),CSS styles web pages.
What is JavaScript? (Web Development Practice 70),JavaScript adds interactivity to web pages.
What is Streamlit? (Web Development Practice 70),Streamlit builds web apps using Python.
What is Git? (Web Development Practice 70),Git is a version control system.
What is HTML? (Web Development Practice 71),HTML structures web pages.
What is CSS? (Web Development Practice 71),CSS styles web pages.
What is JavaScript? (Web Development Practice 71),JavaScript adds interactivity to web pages.
What is Streamlit? (Web Development Practice 71),Streamlit builds web apps using Python.
What is Git? (Web Development Practice 71),Git is a version control system.
What is HTML? (Web Development Practice 72),HTML structures web pages.
What is CSS? (Web Development Practice 72),CSS styles web pages.
What is JavaScript? (Web Development Practice 72),JavaScript adds interactivity to web pages.
What is Streamlit? (Web Development Practice 72),Streamlit builds web apps using Python.
What is Git? (Web Development Practice 72),Git is a version control system.
What is HTML? (Web Development Practice 73),HTML structures web pages.
What is CSS? (Web Development Practice 73),CSS styles web pages.
What is JavaScript? (Web Development Practice 73),JavaScript adds interactivity to web pages.
What is Streamlit? (Web Development Practice 73),Streamlit builds web apps using Python.
What is Git? (Web Development Practice 73),Git is a version control system.
What is HTML? (Web Development Practice 74),HTML structures web pages.
What is CSS? (Web Development Practice 74),CSS styles web pages.
What is JavaScript? (Web Development Practice 74),JavaScript adds interactivity to web pages.
What is Streamlit? (Web Development Practice 74),Streamlit builds web apps using Python.
What is Git? (Web Development Practice 74),Git is a version control system.
What is HTML? (Web Development Practice 75),HTML structures web pages.
What is CSS? (Web Development Practice 75),CSS styles web pages.
What is JavaScript? (Web Development Practice 75),JavaScript adds interactivity to web pages.
What is Streamlit? (Web Development Practice 75),Streamlit builds web apps using Python.
What is Git? (Web Development Practice 75),Git is a version control system.
What is HTML? (Web Development Practice 76),HTML structures web pages.
What is CSS? (Web Development Practice 76),CSS styles web pages.
What is JavaScript? (Web Development Practice 76),JavaScript adds interactivity to web pages.
What is Streamlit? (Web Development Practice 76),Streamlit builds web apps using Python.
What is Git? (Web Development Practice 76),Git is a version control system.
What is HTML? (Web Development Practice 77),HTML structures web pages.
What is CSS? (Web Development Practice 77),CSS styles web pages.
What is JavaScript? (Web Development Practice 77),JavaScript adds interactivity to web pages.
What is Streamlit? (Web Development Practice 77),Streamlit builds web apps using Python.
What is Git? (Web Development Practice 77),Git is a version control system.
What is HTML? (Web Development Practice 78),HTML structures web pages.
What is CSS? (Web Development Practice 78),CSS styles web pages.
What is JavaScript? (Web Development Practice 78),JavaScript adds interactivity to web pages.
What is Streamlit? (Web Development Practice 78),Streamlit builds web apps using Python.
What is Git? (Web Development Practice 78),Git is a version control system.
What is HTML? (Web Development Practice 79),HTML structures web pages.
What is CSS? (Web Development Practice 79),CSS styles web pages.
What is JavaScript? (Web Development Practice 79),JavaScript adds interactivity to web pages.
What is Streamlit? (Web Development Practice 79),Streamlit builds web apps using Python.
What is Git? (Web Development Practice 79),Git is a version control system.
What is HTML? (Web Development Practice 80),HTML structures web pages.
What is CSS? (Web Development Practice 80),CSS styles web pages.
What is JavaScript? (Web Development Practice 80),JavaScript adds interactivity to web pages.
What is Streamlit? (Web Development Practice 80),Streamlit builds web apps using Python.
What is Git? (Web Development Practice 80),Git is a version control system.
What is HTML? (Web Development Practice 81),HTML structures web pages.
What is CSS? (Web Development Practice 81),CSS styles web pages.
What is JavaScript? (Web Development Practice 81),JavaScript adds interactivity to web pages.
What is Streamlit? (Web Development Practice 81),Streamlit builds web apps using Python.
What is Git? (Web Development Practice 81),Git is a version control system.
What is HTML? (Web Development Practice 82),HTML structures web pages.
What is CSS? (Web Development Practice 82),CSS styles web pages.
What is JavaScript? (Web Development Practice 82),JavaScript adds interactivity to web pages.
What is Streamlit? (Web Development Practice 82),Streamlit builds web apps using Python.
What is Git? (Web Development Practice 82),Git is a version control system.
What is HTML? (Web Development Practice 83),HTML structures web pages.
What is CSS? (Web Development Practice 83),CSS styles web pages.
What is JavaScript? (Web Development Practice 83),JavaScript adds interactivity to web pages.
What is Streamlit? (Web Development Practice 83),Streamlit builds web apps using Python.
What is Git? (Web Development Practice 83),Git is a version control system.
What is HTML? (Web Development Practice 84),HTML structures web pages.
What is CSS? (Web Development Practice 84),CSS styles web pages.
What is JavaScript? (Web Development Practice 84),JavaScript adds interactivity to web pages.
What is Streamlit? (Web Development Practice 84),Streamlit builds web apps using Python.
What is Git? (Web Development Practice 84),Git is a version control system.
What is HTML? (Web Development Practice 85),HTML structures web pages.
What is CSS? (Web Development Practice 85),CSS styles web pages.
What is JavaScript? (Web Development Practice 85),JavaScript adds interactivity to web pages.
What is Streamlit? (Web Development Practice 85),Streamlit builds web apps using Python.
What is Git? (Web Development Practice 85),Git is a version control system.
What is HTML? (Web Development Practice 86),HTML structures web pages.
What is CSS? (Web Development Practice 86),CSS styles web pages.
What is JavaScript? (Web Development Practice 86),JavaScript adds interactivity to web pages.
What is Streamlit? (Web Development Practice 86),Streamlit builds web apps using Python.
What is Git? (Web Development Practice 86),Git is a version control system.
What is HTML? (Web Development Practice 87),HTML structures web pages.
What is CSS? (Web Development Practice 87),CSS styles web pages.
What is JavaScript? (Web Development Practice 87),JavaScript adds interactivity to web pages.
What is Streamlit? (Web Development Practice 87),Streamlit builds web apps using Python.
What is Git? (Web Development Practice 87),Git is a version control system.
What is HTML? (Web Development Practice 88),HTML structures web pages.
What is CSS? (Web Development Practice 88),CSS styles web pages.
What is JavaScript? (Web Development Practice 88),JavaScript adds interactivity to web pages.
What is Streamlit? (Web Development Practice 88),Streamlit builds web apps using Python.
What is Git? (Web Development Practice 88),Git is a version control system.
What is HTML? (Web Development Practice 89),HTML structures web pages.
What is CSS? (Web Development Practice 89),CSS styles web pages.
What is JavaScript? (Web Development Practice 89),JavaScript adds interactivity to web pages.
What is Streamlit? (Web Development Practice 89),Streamlit builds web apps using Python.
What is Git? (Web Development Practice 89),Git is a version control system.
What is HTML? (Web Development Practice 90),HTML structures web pages.
What is CSS? (Web Development Practice 90),CSS styles web pages.
What is JavaScript? (Web Development Practice 90),JavaScript adds interactivity to web pages.
What is Streamlit? (Web Development Practice 90),Streamlit builds web apps using Python.
What is Git? (Web Development Practice 90),Git is a version control system.
What is HTML? (Web Development Practice 91),HTML structures web pages.
What is CSS? (Web Development Practice 91),CSS styles web pages.
What is JavaScript? (Web Development Practice 91),JavaScript adds interactivity to web pages.
What is Streamlit? (Web Development Practice 91),Streamlit builds web apps using Python.
What is Git? (Web Development Practice 91),Git is a version control system.
What is HTML? (Web Development Practice 92),HTML structures web pages.
What is CSS? (Web Development Practice 92),CSS styles web pages.
What is JavaScript? (Web Development Practice 92),JavaScript adds interactivity to web pages.
What is Streamlit? (Web Development Practice 92),Streamlit builds web apps using Python.
What is Git? (Web Development Practice 92),Git is a version control system.
What is HTML? (Web Development Practice 93),HTML structures web pages.
What is CSS? (Web Development Practice 93),CSS styles web pages.
What is JavaScript? (Web Development Practice 93),JavaScript adds interactivity to web pages.
What is Streamlit? (Web Development Practice 93),Streamlit builds web apps using Python.
What is Git? (Web Development Practice 93),Git is a version control system.
What is HTML? (Web Development Practice 94),HTML structures web pages.
What is CSS? (Web Development Practice 94),CSS styles web pages.
What is JavaScript? (Web Development Practice 94),JavaScript adds interactivity to web pages.
What is Streamlit? (Web Development Practice 94),Streamlit builds web apps using Python.
What is Git? (Web Development Practice 94),Git is a version control system.
What is HTML? (Web Development Practice 95),HTML structures web pages.
What is CSS? (Web Development Practice 95),CSS styles web pages.
What is JavaScript? (Web Development Practice 95),JavaScript adds interactivity to web pages.
What is Streamlit? (Web Development Practice 95),Streamlit builds web apps using Python.
What is Git? (Web Development Practice 95),Git is a version control system.
What is HTML? (Web Development Practice 96),HTML structures web pages.
What is CSS? (Web Development Practice 96),CSS styles web pages.
What is JavaScript? (Web Development Practice 96),JavaScript adds interactivity to web pages.
What is Streamlit? (Web Development Practice 96),Streamlit builds web apps using Python.
What is Git? (Web Development Practice 96),Git is a version control system.
What is HTML? (Web Development Practice 97),HTML structures web pages.
What is CSS? (Web Development Practice 97),CSS styles web pages.
What is JavaScript? (Web Development Practice 97),JavaScript adds interactivity to web pages.
What is Streamlit? (Web Development Practice 97),Streamlit builds web apps using Python.
What is Git? (Web Development Practice 97),Git is a version control system.
What is HTML? (Web Development Practice 98),HTML structures web pages.
What is CSS? (Web Development Practice 98),CSS styles web pages.
What is JavaScript? (Web Development Practice 98),JavaScript adds interactivity to web pages.
What is Streamlit? (Web Development Practice 98),Streamlit builds web apps using Python.
What is Git? (Web Development Practice 98),Git is a version control system.
What is HTML? (Web Development Practice 99),HTML structures web pages.
What is CSS? (Web Development Practice 99),CSS styles web pages.
What is JavaScript? (Web Development Practice 99),JavaScript adds interactivity to web pages.
What is Streamlit? (Web Development Practice 99),Streamlit builds web apps using Python.
What is Git? (Web Development Practice 99),Git is a version control system.
What is HTML? (Web Development Practice 100),HTML structures web pages.
What is CSS? (Web Development Practice 100),CSS styles web pages.
What is JavaScript? (Web Development Practice 100),JavaScript adds interactivity to web pages.
What is Streamlit? (Web Development Practice 100),Streamlit builds web apps using Python.
What is Git? (Web Development Practice 100),Git is a version control system.
What is HTML? (Web Development Practice 101),HTML structures web pages.
What is CSS? (Web Development Practice 101),CSS styles web pages.
What is JavaScript? (Web Development Practice 101),JavaScript adds interactivity to web pages.
What is Streamlit? (Web Development Practice 101),Streamlit builds web apps using Python.
What is Git? (Web Development Practice 101),Git is a version control system.
What is HTML? (Web Development Practice 102),HTML structures web pages.
What is CSS? (Web Development Practice 102),CSS styles web pages.
What is JavaScript? (Web Development Practice 102),JavaScript adds interactivity to web pages.
What is Streamlit? (Web Development Practice 102),Streamlit builds web apps using Python.
What is Git? (Web Development Practice 102),Git is a version control system.
What is HTML? (Web Development Practice 103),HTML structures web pages.
What is CSS? (Web Development Practice 103),CSS styles web pages.
What is JavaScript? (Web Development Practice 103),JavaScript adds interactivity to web pages.
What is Streamlit? (Web Development Practice 103),Streamlit builds web apps using Python.
What is Git? (Web Development Practice 103),Git is a version control system.
What is HTML? (Web Development Practice 104),HTML structures web pages.
What is CSS? (Web Development Practice 104),CSS styles web pages.
What is JavaScript? (Web Development Practice 104),JavaScript adds interactivity to web pages.
What is Streamlit? (Web Development Practice 104),Streamlit builds web apps using Python.
What is Git? (Web Development Practice 104),Git is a version control system.
What is HTML? (Web Development Practice 105),HTML structures web pages.
What is CSS? (Web Development Practice 105),CSS styles web pages.
What is JavaScript? (Web Development Practice 105),JavaScript adds interactivity to web pages.
What is Streamlit? (Web Development Practice 105),Streamlit builds web apps using Python.
What is Git? (Web Development Practice 105),Git is a version control system.
What is HTML? (Web Development Practice 106),HTML structures web pages.
What is CSS? (Web Development Practice 106),CSS styles web pages.
What is JavaScript? (Web Development Practice 106),JavaScript adds interactivity to web pages.
What is Streamlit? (Web Development Practice 106),Streamlit builds web apps using Python.
What is Git? (Web Development Practice 106),Git is a version control system.
What is HTML? (Web Development Practice 107),HTML structures web pages.
What is CSS? (Web Development Practice 107),CSS styles web pages.
What is JavaScript? (Web Development Practice 107),JavaScript adds interactivity to web pages.
What is Streamlit? (Web Development Practice 107),Streamlit builds web apps using Python.
What is Git? (Web Development Practice 107),Git is a version control system.
What is HTML? (Web Development Practice 108),HTML structures web pages.
What is CSS? (Web Development Practice 108),CSS styles web pages.
What is JavaScript? (Web Development Practice 108),JavaScript adds interactivity to web pages.
What is Streamlit? (Web Development Practice 108),Streamlit builds web apps using Python.
What is Git? (Web Development Practice 108),Git is a version control system.
What is HTML? (Web Development Practice 109),HTML structures web pages.
What is CSS? (Web Development Practice 109),CSS styles web pages.
What is JavaScript? (Web Development Practice 109),JavaScript adds interactivity to web pages.
What is Streamlit? (Web Development Practice 109),Streamlit builds web apps using Python.
What is Git? (Web Development Practice 109),Git is a version control system.
What is HTML? (Web Development Practice 110),HTML structures web pages.
What is CSS? (Web Development Practice 110),CSS styles web pages.
What is JavaScript? (Web Development Practice 110),JavaScript adds interactivity to web pages.
What is Streamlit? (Web Development Practice 110),Streamlit builds web apps using Python.
What is Git? (Web Development Practice 110),Git is a version control system.
What is HTML? (Web Development Practice 111),HTML structures web pages.
What is CSS? (Web Development Practice 111),CSS styles web pages.
What is JavaScript? (Web Development Practice 111),JavaScript adds interactivity to web pages.
What is Streamlit? (Web Development Practice 111),Streamlit builds web apps using Python.
What is Git? (Web Development Practice 111),Git is a version control system.
What is HTML? (Web Development Practice 112),HTML structures web pages.
What is CSS? (Web Development Practice 112),CSS styles web pages.
What is JavaScript? (Web Development Practice 112),JavaScript adds interactivity to web pages.
What is Streamlit? (Web Development Practice 112),Streamlit builds web apps using Python.
What is Git? (Web Development Practice 112),Git is a version control system.
What is HTML? (Web Development Practice 113),HTML structures web pages.
What is CSS? (Web Development Practice 113),CSS styles web pages.
What is JavaScript? (Web Development Practice 113),JavaScript adds interactivity to web pages.
What is Streamlit? (Web Development Practice 113),Streamlit builds web apps using Python.
What is Git? (Web Development Practice 113),Git is a version control system.
What is HTML? (Web Development Practice 114),HTML structures web pages.
What is CSS? (Web Development Practice 114),CSS styles web pages.
What is JavaScript? (Web Development Practice 114),JavaScript adds interactivity to web pages.
What is Streamlit? (Web Development Practice 114),Streamlit builds web apps using Python.
What is Git? (Web Development Practice 114),Git is a version control system.
What is HTML? (Web Development Practice 115),HTML structures web pages.
What is CSS? (Web Development Practice 115),CSS styles web pages.
What is JavaScript? (Web Development Practice 115),JavaScript adds interactivity to web pages.
What is Streamlit? (Web Development Practice 115),Streamlit builds web apps using Python.
What is Git? (Web Development Practice 115),Git is a version control system.
What is HTML? (Web Development Practice 116),HTML structures web pages.
What is CSS? (Web Development Practice 116),CSS styles web pages.
What is JavaScript? (Web Development Practice 116),JavaScript adds interactivity to web pages.
What is Streamlit? (Web Development Practice 116),Streamlit builds web apps using Python.
What is Git? (Web Development Practice 116),Git is a version control system.
What is HTML? (Web Development Practice 117),HTML structures web pages.
What is CSS? (Web Development Practice 117),CSS styles web pages.
What is JavaScript? (Web Development Practice 117),JavaScript adds interactivity to web pages.
What is Streamlit? (Web Development Practice 117),Streamlit builds web apps using Python.
What is Git? (Web Development Practice 117),Git is a version control system.
What is HTML? (Web Development Practice 118),HTML structures web pages.
What is CSS? (Web Development Practice 118),CSS styles web pages.
What is JavaScript? (Web Development Practice 118),JavaScript adds interactivity to web pages.
What is Streamlit? (Web Development Practice 118),Streamlit builds web apps using Python.
What is Git? (Web Development Practice 118),Git is a version control system.
What is HTML? (Web Development Practice 119),HTML structures web pages.
What is CSS? (Web Development Practice 119),CSS styles web pages.
What is JavaScript? (Web Development Practice 119),JavaScript adds interactivity to web pages.
What is Streamlit? (Web Development Practice 119),Streamlit builds web apps using Python.
What is Git? (Web Development Practice 119),Git is a version control system.
What is HTML? (Web Development Practice 120),HTML structures web pages.
What is CSS? (Web Development Practice 120),CSS styles web pages.
What is JavaScript? (Web Development Practice 120),JavaScript adds interactivity to web pages.
What is Streamlit? (Web Development Practice 120),Streamlit builds web apps using Python.
What is Git? (Web Development Practice 120),Git is a version control system.
What is HTML? (Web Development Practice 121),HTML structures web pages.
What is CSS? (Web Development Practice 121),CSS styles web pages.
What is JavaScript? (Web Development Practice 121),JavaScript adds interactivity to web pages.
What is Streamlit? (Web Development Practice 121),Streamlit builds web apps using Python.
What is Git? (Web Development Practice 121),Git is a version control system.
What is HTML? (Web Development Practice 122),HTML structures web pages.
What is CSS? (Web Development Practice 122),CSS styles web pages.
What is JavaScript? (Web Development Practice 122),JavaScript adds interactivity to web pages.
What is Streamlit? (Web Development Practice 122),Streamlit builds web apps using Python.
What is Git? (Web Development Practice 122),Git is a version control system.
What is HTML? (Web Development Practice 123),HTML structures web pages.
What is CSS? (Web Development Practice 123),CSS styles web pages.
What is JavaScript? (Web Development Practice 123),JavaScript adds interactivity to web pages.
What is Streamlit? (Web Development Practice 123),Streamlit builds web apps using Python.
What is Git? (Web Development Practice 123),Git is a version control system.
What is HTML? (Web Development Practice 124),HTML structures web pages.
What is CSS? (Web Development Practice 124),CSS styles web pages.
What is JavaScript? (Web Development Practice 124),JavaScript adds interactivity to web pages.
What is Streamlit? (Web Development Practice 124),Streamlit builds web apps using Python.
What is Git? (Web Development Practice 124),Git is a version control system.
What is HTML? (Web Development Practice 125),HTML structures web pages.
What is CSS? (Web Development Practice 125),CSS styles web pages.
What is JavaScript? (Web Development Practice 125),JavaScript adds interactivity to web pages.
What is Streamlit? (Web Development Practice 125),Streamlit builds web apps using Python.
What is Git? (Web Development Practice 125),Git is a version control system.
